ticket_id,user_id,issue_type,priority,ticket_status,created_at,resolved_at
1,372,Payment Failure,Medium,In Progress,2026-02-25 16:48:30,2026-05-15 22:58:31
2,621,Bug Report,Low,Open,2025-06-12 16:17:18,2025-08-10 05:49:09
3,324,Login Issue,Low,Closed,2024-12-27 01:14:12,2025-05-06 15:10:47
4,271,Performance Issue,High,Resolved,2025-09-10 15:32:47,2026-04-14 03:01:58
5,61,Performance Issue,Low,Open,2026-01-20 10:19:01,
6,607,Payment Failure,High,Open,2026-06-22 05:20:21,2026-06-24 08:00:53
7,898,Login Issue,Low,Closed,2026-01-05 17:46:24,2026-06-18 01:34:47
8,909,Password Reset,High,Resolved,2025-04-26 05:38:29,2026-04-30 00:43:02
9,910,Payment Failure,Medium,In Progress,2025-08-03 12:03:28,2025-10-05 14:12:11
10,75,Performance Issue,Low,In Progress,2025-06-06 20:47:07,2025-08-25 20:23:47
11,516,Feature Request,Low,Closed,2024-10-02 22:38:24,2026-01-25 22:09:00
12,701,Login Issue,High,Closed,2024-08-21 11:14:38,2025-08-23 04:22:10
13,223,Bug Report,High,In Progress,2025-05-17 14:51:27,2025-12-01 09:48:10
14,909,Payment Failure,Low,Closed,2024-10-19 09:29:17,
15,10,Login Issue,High,Closed,2025-08-06 00:09:34,2026-01-03 20:45:43
16,309,Feature Request,High,Open,2024-08-08 12:20:57,2025-07-14 11:13:56
17,180,Password Reset,High,Resolved,2025-04-21 08:48:16,
18,130,Payment Failure,Medium,Closed,2025-07-14 00:42:08,2026-01-13 18:31:11
19,896,Password Reset,Medium,Resolved,2024-12-07 10:34:26,2025-07-10 01:40:27
20,223,Login Issue,Low,Closed,2025-04-08 10:22:55,2025-10-23 09:50:38
21,425,Performance Issue,High,In Progress,2024-07-09 11:29:29,2024-12-23 11:53:08
22,145,Subscription Issue,High,Closed,2025-04-28 04:04:28,
23,792,Payment Failure,Medium,Resolved,2025-05-19 05:09:56,2025-10-25 06:31:58
24,558,Bug Report,Low,In Progress,2026-02-21 07:40:24,2026-05-03 11:40:01
25,57,Performance Issue,High,Closed,2026-02-05 10:41:42,2026-06-14 06:11:52
26,16,Performance Issue,Medium,Closed,2024-08-15 15:32:42,
27,195,Bug Report,Medium,Resolved,2025-11-29 12:07:37,2026-04-20 12:05:09
28,849,Feature Request,Medium,Closed,2025-04-28 23:24:37,2026-04-20 23:47:52
29,218,Performance Issue,High,Open,2025-10-16 03:20:15,2026-01-30 13:31:40
30,347,Bug Report,Low,Open,2026-05-19 08:32:39,
31,206,Subscription Issue,Medium,Closed,2025-01-17 01:45:11,
32,93,Feature Request,Medium,Resolved,2025-04-25 06:27:31,2025-09-25 11:55:47
33,899,Performance Issue,High,In Progress,2026-04-30 15:54:21,2026-05-24 01:41:42
34,341,Login Issue,Low,Open,2026-04-26 16:11:49,2026-07-03 10:07:40
35,369,Performance Issue,Medium,Resolved,2025-12-13 18:19:40,2026-02-20 16:00:14
36,545,Login Issue,Medium,Open,2026-07-04 07:09:34,2026-07-06 10:16:05
37,912,Login Issue,Low,Open,2026-06-16 16:09:14,2026-07-03 13:52:59
38,190,Bug Report,High,In Progress,2024-08-14 06:38:48,
39,942,Performance Issue,Low,Closed,2026-03-10 01:38:38,2026-04-10 23:27:15
40,108,Bug Report,Low,In Progress,2025-12-29 08:07:37,2026-06-02 15:57:34
41,871,Subscription Issue,High,Resolved,2026-01-22 07:15:46,
42,359,Payment Failure,Low,Open,2024-11-12 18:24:58,
43,271,Password Reset,Medium,In Progress,2025-12-24 21:15:51,2026-04-08 13:06:16
44,116,Subscription Issue,Medium,In Progress,2024-08-29 04:11:56,2026-02-10 18:20:05
45,982,Password Reset,Low,Resolved,2026-03-30 06:58:08,
46,114,Bug Report,High,Closed,2024-10-10 11:49:49,2025-08-14 11:35:43
47,850,Performance Issue,Low,Resolved,2025-04-03 09:28:58,2025-10-07 03:40:33
48,646,Payment Failure,High,In Progress,2026-06-11 23:17:37,2026-06-17 23:11:47
49,186,Login Issue,Low,Closed,2025-05-07 01:40:12,2026-06-09 22:12:28
50,231,Password Reset,Low,Open,2024-11-29 12:50:03,2025-08-27 21:44:50
51,727,Payment Failure,Medium,Closed,2026-01-12 03:45:48,2026-05-27 01:06:13
52,871,Feature Request,High,Resolved,2024-11-27 16:50:22,2026-04-13 07:18:10
53,646,Payment Failure,High,Open,2025-05-12 00:20:44,2026-06-02 00:45:35
54,193,Performance Issue,Medium,Resolved,2025-09-04 22:40:09,2026-04-30 15:02:40
55,519,Feature Request,Low,Open,2025-06-20 01:22:34,2026-03-25 15:05:58
56,483,Bug Report,Medium,Open,2026-05-15 01:26:51,2026-06-23 15:21:48
57,67,Feature Request,Low,Open,2025-12-14 04:12:02,
58,298,Password Reset,Low,Open,2026-02-15 17:44:57,2026-04-17 23:06:03
59,378,Payment Failure,High,Closed,2025-02-20 08:44:19,2025-12-07 09:19:20
60,511,Bug Report,High,In Progress,2026-01-27 03:38:27,2026-02-21 21:12:30
61,788,Payment Failure,High,Resolved,2025-09-05 14:16:02,2026-04-23 17:20:24
62,330,Bug Report,Low,Resolved,2025-09-01 20:01:13,2025-11-07 18:32:00
63,920,Login Issue,Medium,In Progress,2026-01-29 00:53:17,2026-03-08 03:21:06
64,247,Bug Report,Medium,Resolved,2025-08-20 06:54:49,2025-09-25 03:01:34
65,131,Bug Report,High,Open,2026-02-16 10:16:11,2026-06-24 10:31:00
66,992,Payment Failure,Medium,Open,2024-09-14 21:40:02,
67,286,Login Issue,Low,In Progress,2025-03-19 08:47:54,2025-03-20 05:18:49
68,77,Login Issue,Medium,In Progress,2026-05-12 07:06:47,2026-06-04 02:28:44
69,638,Payment Failure,Low,Resolved,2026-05-11 05:57:05,2026-06-17 22:11:58
70,699,Bug Report,Low,Open,2025-02-12 14:37:51,2025-03-02 10:11:06
71,197,Subscription Issue,Medium,In Progress,2026-03-26 20:27:55,2026-03-27 03:42:31
72,494,Performance Issue,Medium,Closed,2025-01-06 19:32:28,2025-06-17 11:26:35
73,612,Performance Issue,Low,Open,2025-07-12 19:01:09,2026-05-07 12:38:21
74,491,Subscription Issue,High,Resolved,2025-10-15 05:32:57,2026-03-30 15:00:57
75,16,Feature Request,Low,Open,2025-12-30 11:13:02,2026-04-13 16:05:59
76,419,Login Issue,High,Closed,2025-06-12 16:15:00,2025-08-05 10:44:04
77,971,Payment Failure,Medium,Closed,2025-06-17 12:29:38,
78,750,Subscription Issue,High,In Progress,2024-08-17 07:07:04,2026-03-14 21:01:56
79,794,Payment Failure,Low,Closed,2025-08-27 00:56:32,2026-06-25 19:17:45
80,671,Subscription Issue,Medium,In Progress,2025-12-08 00:21:15,2026-04-01 17:44:52
81,600,Feature Request,High,In Progress,2025-10-08 06:06:54,
82,260,Password Reset,Low,In Progress,2026-06-24 17:11:58,2026-07-03 03:37:40
83,354,Feature Request,Low,Closed,2025-06-14 06:08:22,
84,699,Feature Request,High,In Progress,2024-09-09 05:43:26,2026-05-29 15:58:11
85,392,Performance Issue,Medium,Resolved,2024-08-06 18:36:54,2026-02-03 11:03:02
86,9,Feature Request,Medium,Resolved,2026-06-25 19:46:29,2026-06-28 12:10:45
87,1,Feature Request,Low,Open,2024-08-23 23:03:00,
88,779,Subscription Issue,High,In Progress,2025-04-11 14:45:25,2025-07-13 07:07:00
89,374,Bug Report,Low,Closed,2026-01-11 17:57:57,2026-05-01 12:24:40
90,460,Feature Request,High,In Progress,2024-08-29 03:03:25,2025-02-19 09:34:41
91,741,Password Reset,Medium,Open,2024-12-26 07:24:21,2026-03-16 09:01:53
92,375,Login Issue,Low,Resolved,2025-07-07 04:34:06,
93,483,Password Reset,Low,Open,2025-09-03 10:43:48,
94,935,Bug Report,Low,Resolved,2024-12-27 15:48:54,2025-02-12 22:27:58
95,74,Login Issue,Medium,In Progress,2025-02-12 17:19:15,2025-09-30 05:21:08
96,228,Performance Issue,Low,In Progress,2026-03-26 20:52:19,2026-07-02 18:54:05
97,199,Performance Issue,Medium,Closed,2025-05-12 07:38:02,2026-05-07 07:47:54
98,498,Performance Issue,High,Resolved,2025-01-30 07:26:30,
99,169,Payment Failure,Low,Open,2025-12-17 15:43:08,
100,438,Bug Report,Low,Closed,2026-04-29 20:50:17,2026-05-28 22:34:49
101,561,Bug Report,Medium,Closed,2026-04-23 11:11:07,2026-06-11 20:31:31
102,847,Bug Report,Low,Resolved,2025-04-13 01:42:09,2026-07-06 08:09:22
103,773,Password Reset,High,Resolved,2026-04-09 04:12:59,2026-05-03 07:00:22
104,729,Performance Issue,High,Resolved,2026-05-15 08:31:58,2026-07-02 13:35:57
105,249,Feature Request,Low,Open,2024-10-15 20:06:49,2024-12-27 13:34:58
106,913,Payment Failure,High,Closed,2025-03-10 17:28:41,2026-04-14 23:58:30
107,3,Performance Issue,Low,Resolved,2025-05-07 22:59:35,2025-11-30 03:39:56
108,834,Payment Failure,High,Open,2024-11-09 13:08:24,2025-01-11 22:58:27
109,429,Login Issue,Low,Resolved,2025-06-05 17:22:39,2025-09-05 17:39:39
110,547,Password Reset,Medium,Resolved,2025-03-27 06:52:55,2026-02-26 05:59:17
111,381,Login Issue,Low,Closed,2025-10-18 01:05:08,2026-01-07 10:05:12
112,278,Login Issue,Medium,Closed,2024-12-26 09:15:01,2025-10-13 07:48:18
113,390,Payment Failure,Low,In Progress,2026-03-10 15:18:58,
114,467,Bug Report,High,In Progress,2025-05-21 14:18:56,2025-11-09 01:40:03
115,451,Payment Failure,High,Closed,2024-07-13 13:45:07,2024-10-11 03:22:10
116,332,Login Issue,Medium,In Progress,2025-10-17 01:43:14,2026-04-30 04:52:01
117,804,Payment Failure,Medium,Resolved,2026-01-16 00:36:37,
118,520,Login Issue,Medium,Closed,2024-12-11 07:31:51,2025-02-18 07:02:40
119,508,Feature Request,High,Open,2025-08-30 13:47:42,2025-11-06 01:41:15
120,268,Payment Failure,Medium,Open,2024-07-22 00:43:41,2026-02-22 04:07:16
121,801,Performance Issue,Medium,Open,2025-07-02 01:02:53,2025-11-23 00:38:10
122,80,Login Issue,Medium,In Progress,2025-09-08 16:36:40,2026-02-27 10:13:12
123,420,Password Reset,Medium,Closed,2025-10-13 13:35:31,2025-12-09 12:13:20
124,750,Performance Issue,Medium,Closed,2026-04-01 12:36:57,
125,786,Password Reset,High,In Progress,2025-11-28 21:17:49,2025-12-09 20:40:22
126,787,Password Reset,High,Open,2026-04-20 09:57:10,2026-07-04 03:54:24
127,750,Payment Failure,Low,Open,2026-05-23 04:05:01,2026-05-25 19:26:28
128,912,Password Reset,Medium,Closed,2026-04-09 01:38:38,2026-06-13 22:28:41
129,527,Performance Issue,Medium,Open,2025-01-18 07:17:17,2025-09-10 22:15:48
130,736,Password Reset,Low,In Progress,2025-03-01 00:42:25,2025-07-24 07:52:13
131,107,Bug Report,Medium,Closed,2025-01-03 21:52:12,
132,351,Subscription Issue,High,Open,2024-10-07 02:31:38,2026-04-06 22:47:50
133,139,Feature Request,Medium,Open,2024-09-22 05:09:16,2025-10-26 10:37:19
134,637,Bug Report,High,Open,2025-09-12 03:32:29,
135,189,Password Reset,Low,Closed,2025-09-18 13:34:05,2026-02-17 07:26:12
136,737,Login Issue,Medium,Closed,2025-05-12 03:02:26,
137,754,Feature Request,Low,Resolved,2026-07-05 21:13:53,2026-07-06 01:25:40
138,782,Performance Issue,High,In Progress,2025-07-04 11:55:58,2025-08-02 08:19:19
139,52,Feature Request,High,Open,2025-02-07 08:51:48,2026-04-11 20:26:59
140,793,Bug Report,Medium,Closed,2024-12-22 10:58:54,2025-12-22 05:11:58
141,131,Feature Request,High,Resolved,2025-02-23 12:40:08,
142,4,Subscription Issue,Low,Open,2026-04-22 22:36:52,2026-06-01 23:15:05
143,581,Password Reset,Medium,Closed,2024-12-27 01:06:46,2025-02-21 13:55:18
144,516,Feature Request,High,Closed,2024-08-01 11:23:48,2024-08-09 09:27:28
145,693,Feature Request,Medium,Closed,2026-06-18 08:09:54,2026-06-30 21:26:04
146,938,Subscription Issue,High,Open,2026-02-25 09:49:43,
147,820,Password Reset,High,Resolved,2025-04-30 19:27:40,2026-06-29 02:57:56
148,117,Subscription Issue,Medium,Open,2025-05-25 05:14:33,2025-10-30 08:14:00
149,256,Password Reset,High,Open,2025-10-21 21:31:38,2026-06-10 08:44:49
150,26,Subscription Issue,Low,Resolved,2026-05-25 23:33:53,2026-06-11 21:53:15
151,886,Subscription Issue,High,In Progress,2025-02-10 06:42:06,2025-12-14 17:56:28
152,37,Bug Report,Low,Closed,2026-06-06 08:22:36,
153,21,Performance Issue,Medium,Resolved,2025-11-04 12:24:58,2026-04-09 20:17:37
154,779,Feature Request,Low,Closed,2026-01-27 11:55:38,2026-06-30 12:50:23
155,907,Subscription Issue,Low,In Progress,2025-08-21 07:03:22,2026-04-09 12:24:10
156,607,Payment Failure,High,Resolved,2025-05-26 07:44:02,2026-06-01 05:14:41
157,344,Payment Failure,High,In Progress,2025-07-13 09:52:18,2025-08-14 06:30:35
158,930,Password Reset,Low,Open,2024-11-13 18:33:16,2026-03-17 09:41:28
159,471,Password Reset,High,Open,2025-08-02 19:22:11,2026-01-02 10:38:48
160,307,Login Issue,High,Closed,2026-05-11 16:42:04,2026-06-12 16:57:35
161,578,Bug Report,Medium,In Progress,2025-10-30 09:02:36,
162,936,Performance Issue,Low,In Progress,2025-03-15 10:48:43,2025-12-23 18:58:20
163,582,Bug Report,Medium,Resolved,2026-04-11 06:44:14,2026-05-17 07:02:23
164,464,Performance Issue,High,In Progress,2025-04-25 07:36:14,2026-02-16 07:47:45
165,192,Bug Report,Medium,Resolved,2025-09-01 16:30:42,
166,244,Subscription Issue,Medium,Closed,2025-12-14 23:54:12,2026-04-10 22:56:32
167,771,Payment Failure,Medium,In Progress,2025-12-02 01:38:21,2026-06-18 07:08:36
168,888,Payment Failure,High,Closed,2024-10-30 21:35:53,2024-11-25 00:17:49
169,727,Performance Issue,High,Closed,2026-04-13 03:03:18,
170,617,Subscription Issue,High,In Progress,2025-07-16 12:44:21,
171,550,Password Reset,Medium,Open,2025-01-27 23:38:10,2025-04-01 17:48:41
172,747,Password Reset,Low,Resolved,2026-03-19 17:30:01,2026-05-19 15:36:37
173,6,Password Reset,Medium,Resolved,2026-06-28 13:27:59,2026-07-03 14:35:43
174,155,Bug Report,Low,Resolved,2026-01-22 15:35:42,2026-03-23 11:02:09
175,415,Payment Failure,High,Closed,2025-04-26 14:32:57,
176,964,Password Reset,Low,Open,2026-01-08 11:45:48,2026-04-26 17:15:41
177,218,Subscription Issue,High,Open,2026-06-08 20:59:15,2026-06-25 05:57:00
178,859,Password Reset,Medium,Closed,2025-03-17 06:27:19,2026-05-28 08:11:53
179,783,Feature Request,Low,Resolved,2024-11-20 20:28:38,2025-04-23 14:47:23
180,438,Performance Issue,Medium,Closed,2026-04-15 21:10:37,2026-06-29 09:37:54
181,868,Subscription Issue,High,Closed,2025-01-02 17:04:35,
182,860,Subscription Issue,Medium,Open,2026-06-19 13:59:36,2026-06-19 18:27:05
183,23,Subscription Issue,Medium,Closed,2025-06-02 08:27:58,2026-03-31 13:00:09
184,460,Feature Request,High,Closed,2026-04-29 05:30:52,2026-05-09 21:51:57
185,302,Performance Issue,Low,Resolved,2025-06-25 13:50:43,2026-02-10 00:32:44
186,20,Feature Request,High,In Progress,2024-07-26 06:58:02,2025-11-02 22:59:04
187,175,Performance Issue,Low,Resolved,2026-05-25 03:32:07,2026-05-26 00:22:04
188,325,Performance Issue,Medium,Resolved,2024-09-08 07:41:22,2025-02-13 17:43:35
189,349,Payment Failure,Medium,Open,2024-08-20 02:15:13,2024-12-16 11:59:45
190,245,Subscription Issue,Medium,Resolved,2025-02-11 07:14:59,2025-03-07 09:31:39
191,233,Password Reset,Medium,In Progress,2025-12-28 08:16:22,2026-03-17 12:56:12
192,798,Performance Issue,Low,Closed,2025-05-24 09:58:03,2026-02-24 00:50:08
193,418,Performance Issue,High,Closed,2025-10-29 11:54:10,2026-01-17 17:41:13
194,461,Performance Issue,Medium,Resolved,2025-09-24 19:18:15,2025-10-31 08:55:54
195,373,Password Reset,Medium,Resolved,2025-05-16 07:52:39,
196,100,Subscription Issue,Low,Open,2025-06-24 16:09:48,2025-08-16 23:23:07
197,702,Login Issue,Low,Resolved,2025-04-08 07:25:19,
198,79,Feature Request,Low,Open,2026-01-18 11:42:46,2026-04-11 20:07:58
199,186,Subscription Issue,Medium,Closed,2024-10-29 12:44:04,2026-06-20 18:56:48
200,960,Login Issue,Low,Resolved,2025-07-30 11:23:27,
201,643,Subscription Issue,Low,Resolved,2025-10-05 00:53:53,2025-10-25 21:32:51
202,925,Performance Issue,Low,Resolved,2025-06-10 04:37:41,2026-05-23 05:18:19
203,92,Login Issue,High,Resolved,2026-04-28 23:59:45,
204,651,Payment Failure,High,Resolved,2024-12-21 05:28:28,2025-03-04 19:17:39
205,711,Password Reset,Low,In Progress,2025-03-16 23:04:22,2025-07-24 20:08:10
206,915,Feature Request,Medium,Resolved,2025-11-25 11:42:31,2026-01-30 23:34:04
207,358,Subscription Issue,Medium,In Progress,2024-09-07 08:55:49,2025-11-09 01:03:45
208,762,Login Issue,High,In Progress,2025-04-14 03:38:56,
209,254,Subscription Issue,Medium,Closed,2024-10-05 04:42:49,2024-10-08 14:01:45
210,675,Payment Failure,High,In Progress,2025-05-07 20:03:40,2025-11-23 02:55:38
211,345,Bug Report,High,Open,2025-06-01 12:23:58,
212,559,Performance Issue,High,Closed,2025-04-13 05:40:18,2025-07-17 11:25:14
213,488,Login Issue,High,Resolved,2025-04-08 05:55:04,2025-09-05 08:08:44
214,283,Performance Issue,Medium,Open,2025-12-26 02:23:43,2026-01-08 10:53:18
215,190,Performance Issue,Medium,Resolved,2025-06-07 03:47:24,2025-08-13 02:59:59
216,869,Feature Request,Medium,Open,2025-01-22 12:56:49,
217,293,Subscription Issue,Low,In Progress,2026-02-04 17:42:53,2026-04-12 18:40:03
218,260,Payment Failure,Low,Closed,2025-03-06 20:59:49,2025-07-06 10:39:56
219,324,Bug Report,Low,Open,2025-05-30 15:43:18,
220,502,Login Issue,Low,Resolved,2025-12-08 13:22:21,2026-05-01 11:37:04
221,401,Bug Report,High,Open,2026-04-06 16:53:41,2026-05-21 03:52:50
222,517,Login Issue,Medium,In Progress,2024-12-19 00:47:10,
223,285,Password Reset,Medium,Open,2024-09-16 21:34:29,2026-06-04 03:52:21
224,291,Performance Issue,Medium,In Progress,2025-01-07 23:49:25,2026-02-23 22:24:34
225,11,Feature Request,Low,In Progress,2026-05-15 13:21:31,2026-07-05 17:52:33
226,702,Login Issue,Low,Closed,2024-09-14 23:40:57,2024-10-15 11:18:57
227,133,Login Issue,High,Open,2025-04-15 18:19:14,2025-05-16 15:29:30
228,520,Performance Issue,Low,Resolved,2025-04-10 03:33:34,2026-02-21 15:21:44
229,692,Bug Report,Low,Resolved,2025-04-16 06:52:54,2025-08-06 16:33:45
230,821,Subscription Issue,High,Open,2025-05-27 17:29:48,2026-01-09 12:18:54
231,818,Login Issue,High,Open,2026-02-02 06:58:14,2026-06-26 19:55:10
232,890,Bug Report,High,Closed,2026-05-14 19:20:35,
233,182,Bug Report,High,Resolved,2025-11-17 05:34:23,
234,257,Performance Issue,High,In Progress,2024-08-11 18:56:54,2025-02-27 06:08:06
235,759,Bug Report,Low,Resolved,2024-12-05 03:45:15,
236,827,Subscription Issue,High,Closed,2025-02-20 11:38:30,2025-04-24 21:02:10
237,133,Login Issue,Low,Closed,2024-10-04 11:05:41,
238,728,Login Issue,Medium,Resolved,2024-08-26 08:20:14,2025-12-26 16:06:36
239,883,Performance Issue,High,Closed,2024-11-04 03:10:47,
240,161,Subscription Issue,High,Open,2025-05-19 23:00:02,2025-12-01 02:39:58
241,615,Password Reset,Low,Resolved,2025-10-07 21:47:30,2026-03-03 06:27:33
242,369,Payment Failure,High,Resolved,2026-04-06 14:41:13,2026-04-22 17:15:30
243,484,Bug Report,High,Open,2025-04-13 23:07:30,2026-02-17 23:49:32
244,482,Login Issue,High,Resolved,2025-01-10 11:37:29,2026-02-07 07:42:28
245,467,Login Issue,Medium,In Progress,2025-03-04 15:16:58,2025-04-23 22:02:50
246,577,Feature Request,Medium,In Progress,2025-06-25 01:47:09,2025-08-30 11:15:53
247,275,Subscription Issue,High,Open,2026-05-01 15:08:38,2026-05-18 13:51:12
248,443,Bug Report,Medium,Open,2025-02-24 13:10:40,2025-10-02 17:17:28
249,215,Password Reset,High,Open,2024-09-02 22:39:43,2025-11-09 16:56:20
250,19,Payment Failure,Medium,Resolved,2025-07-08 01:18:12,2026-07-01 10:22:02
251,693,Payment Failure,Low,Open,2025-12-16 10:37:47,2025-12-28 13:34:13
252,332,Feature Request,High,In Progress,2025-12-16 09:10:12,2025-12-21 06:58:33
253,877,Subscription Issue,Low,Open,2025-01-27 02:44:37,2025-02-21 06:44:01
254,476,Password Reset,Low,In Progress,2024-08-14 08:01:38,2024-11-20 07:34:58
255,141,Payment Failure,Medium,Resolved,2026-02-04 20:25:28,2026-03-20 08:21:16
256,824,Password Reset,Medium,Resolved,2024-11-22 13:41:42,2026-06-21 09:27:12
257,489,Password Reset,Low,Closed,2025-08-21 10:11:36,2026-01-14 19:51:55
258,258,Password Reset,Medium,Closed,2024-12-09 15:01:17,
259,642,Subscription Issue,Low,Closed,2025-06-26 14:02:05,2025-11-25 01:43:55
260,947,Login Issue,Low,In Progress,2024-11-27 12:27:41,2025-09-15 05:05:12
261,204,Subscription Issue,High,Closed,2026-02-06 23:42:11,2026-03-01 02:57:53
262,829,Login Issue,Medium,Open,2025-06-29 12:42:32,2025-07-23 15:39:43
263,514,Feature Request,Low,Resolved,2025-10-26 22:50:15,2025-12-07 03:45:07
264,576,Subscription Issue,Low,Closed,2025-12-13 12:15:39,
265,560,Feature Request,High,In Progress,2025-09-05 14:49:01,
266,769,Password Reset,Medium,Open,2026-04-06 05:38:45,
267,401,Performance Issue,High,Open,2025-07-06 09:20:50,
268,640,Login Issue,Low,Closed,2025-11-12 07:10:27,2026-04-07 06:36:24
269,595,Feature Request,Low,Resolved,2025-01-27 07:05:53,2025-09-29 03:49:56
270,686,Feature Request,High,Closed,2025-10-16 13:54:37,2025-12-20 16:20:07
271,972,Performance Issue,Medium,Closed,2024-09-22 12:46:53,
272,93,Bug Report,High,Open,2025-04-10 06:55:32,2025-07-07 03:19:48
273,327,Bug Report,High,Closed,2025-05-15 19:26:12,
274,23,Performance Issue,High,Resolved,2024-09-15 05:30:28,2025-08-05 16:41:54
275,740,Subscription Issue,Medium,Resolved,2025-11-11 19:04:18,2025-12-14 11:52:23
276,862,Subscription Issue,High,Resolved,2026-06-07 08:01:23,2026-06-26 17:15:19
277,13,Bug Report,Medium,In Progress,2025-06-23 04:15:29,2026-03-19 06:10:45
278,992,Payment Failure,High,In Progress,2024-07-31 11:27:54,2025-05-19 21:56:00
279,235,Bug Report,High,Open,2025-03-30 23:09:48,2026-04-11 22:27:25
280,524,Password Reset,Low,Open,2025-04-15 18:57:15,2026-04-15 17:36:43
281,715,Password Reset,Low,Closed,2025-12-28 13:52:28,2026-02-20 02:50:57
282,110,Performance Issue,Medium,Open,2025-07-16 07:01:16,
283,207,Login Issue,High,In Progress,2024-12-10 16:47:34,2025-03-17 06:18:15
284,605,Bug Report,High,Closed,2025-08-12 16:38:50,
285,524,Subscription Issue,Medium,Open,2024-08-09 19:00:46,2026-04-25 17:35:50
286,745,Bug Report,Medium,In Progress,2025-11-05 07:08:04,2026-02-02 08:47:38
287,244,Bug Report,Low,Resolved,2024-11-06 07:35:53,
288,164,Feature Request,High,Open,2025-01-24 06:00:41,2025-10-21 05:44:36
289,82,Login Issue,Medium,Resolved,2024-09-27 11:00:17,2025-03-19 22:10:19
290,376,Subscription Issue,Low,Closed,2025-11-02 12:46:35,2025-12-27 11:14:51
291,116,Password Reset,Medium,Closed,2025-02-21 00:26:01,2025-11-30 10:02:19
292,292,Payment Failure,High,Open,2025-05-11 18:05:59,
293,50,Password Reset,High,Closed,2024-09-04 06:58:01,
294,949,Bug Report,High,Open,2026-03-20 04:22:35,2026-03-30 02:42:45
295,154,Password Reset,High,Open,2024-09-25 19:21:29,
296,330,Login Issue,High,Open,2026-06-13 11:21:31,2026-06-14 09:09:51
297,446,Payment Failure,Medium,In Progress,2026-05-05 06:52:05,2026-06-19 03:30:48
298,530,Subscription Issue,Low,Resolved,2024-12-19 18:08:38,2025-06-11 12:33:25
299,647,Bug Report,Low,Resolved,2024-09-27 13:11:57,2025-06-16 23:22:17
300,851,Password Reset,Medium,Open,2024-09-14 18:56:28,
301,298,Password Reset,Medium,Open,2025-01-14 09:58:45,2025-01-23 12:37:31
302,647,Feature Request,Low,Closed,2025-08-30 15:15:23,2025-09-16 00:27:31
303,778,Performance Issue,High,Resolved,2026-03-21 23:11:18,2026-06-19 08:43:05
304,571,Login Issue,High,In Progress,2026-07-04 11:04:35,
305,304,Payment Failure,High,Resolved,2025-04-30 22:20:50,2026-06-26 12:22:22
306,369,Feature Request,High,Open,2024-08-21 15:45:07,2025-07-13 04:49:27
307,66,Performance Issue,Low,Resolved,2025-01-31 01:03:25,
308,339,Payment Failure,Low,Resolved,2024-08-17 05:27:39,2024-08-17 08:11:43
309,72,Feature Request,Low,Resolved,2025-02-25 19:34:31,2025-07-15 21:00:12
310,680,Performance Issue,Medium,In Progress,2024-07-31 02:49:34,2025-12-23 10:42:15
311,726,Subscription Issue,Low,Resolved,2025-03-15 12:44:44,2026-02-28 20:39:36
312,521,Feature Request,High,Closed,2024-10-07 04:48:45,2026-03-17 06:01:52
313,182,Payment Failure,High,Open,2025-10-30 03:37:16,
314,341,Payment Failure,Medium,In Progress,2025-11-16 23:00:56,2026-07-01 19:33:32
315,833,Subscription Issue,High,Open,2026-04-22 12:21:21,2026-05-04 02:32:52
316,990,Bug Report,Low,Resolved,2024-12-31 04:02:19,2025-09-25 02:57:36
317,681,Password Reset,High,Resolved,2025-09-28 05:18:41,
318,603,Feature Request,Low,Closed,2025-08-27 06:21:31,2026-04-17 02:56:30
319,789,Bug Report,Medium,In Progress,2025-01-30 16:03:01,2025-06-22 09:57:29
320,4,Bug Report,High,Open,2024-09-16 12:50:59,2025-04-02 23:37:14
321,247,Login Issue,Medium,Closed,2025-01-22 05:02:46,2025-02-17 08:31:49
322,605,Password Reset,High,Open,2026-07-05 13:26:53,
323,205,Bug Report,Low,Closed,2025-12-15 09:28:14,2026-07-05 00:52:12
324,89,Payment Failure,High,Resolved,2026-03-29 05:15:59,2026-06-03 19:56:36
325,365,Password Reset,High,Closed,2024-11-26 07:16:12,2026-02-20 18:44:45
326,689,Performance Issue,High,In Progress,2025-01-31 02:12:47,
327,75,Subscription Issue,High,Resolved,2026-06-01 00:34:40,2026-06-19 18:43:06
328,566,Performance Issue,Low,Resolved,2024-09-25 16:21:15,2025-07-31 08:21:43
329,10,Feature Request,Medium,Closed,2025-05-06 09:34:01,2025-12-17 22:10:11
330,59,Payment Failure,Low,In Progress,2025-03-12 01:45:30,2026-05-27 00:39:07
331,926,Performance Issue,Medium,Closed,2024-07-21 15:46:13,
332,636,Performance Issue,Low,In Progress,2024-12-17 16:43:50,2025-09-08 02:08:37
333,999,Payment Failure,High,Resolved,2026-06-29 04:06:04,
334,841,Subscription Issue,Medium,Open,2025-03-23 20:37:20,2026-03-30 00:45:18
335,785,Feature Request,Low,In Progress,2024-07-26 03:36:29,2024-07-31 18:37:23
336,768,Performance Issue,Medium,Open,2026-06-05 13:28:03,2026-06-26 20:54:24
337,738,Password Reset,High,Resolved,2026-03-10 01:46:01,2026-06-10 11:53:37
338,921,Bug Report,Medium,Resolved,2025-10-03 16:55:36,
339,182,Bug Report,Low,Open,2025-08-24 14:30:04,
340,441,Password Reset,Low,In Progress,2026-03-15 14:03:35,
341,407,Password Reset,Low,In Progress,2025-09-14 14:01:48,2026-06-09 15:57:44
342,460,Payment Failure,Medium,Resolved,2024-11-16 08:36:19,2025-01-16 22:21:20
343,764,Feature Request,Low,In Progress,2025-07-10 05:46:16,
344,398,Bug Report,High,Resolved,2026-02-20 03:14:19,2026-05-20 00:11:20
345,521,Subscription Issue,Medium,Open,2025-07-29 06:00:50,
346,775,Password Reset,High,Open,2024-10-29 07:45:11,2024-12-11 15:28:04
347,835,Password Reset,Low,Open,2025-08-17 12:17:36,2025-10-18 19:38:17
348,554,Password Reset,High,Open,2024-09-14 04:58:04,2025-06-07 22:27:32
349,658,Performance Issue,Low,Open,2025-04-29 21:20:07,2025-07-14 05:31:46
350,802,Password Reset,High,Resolved,2024-09-29 16:03:14,2026-07-01 08:24:16
351,26,Login Issue,High,Closed,2025-02-26 06:23:03,2025-06-19 18:41:11
352,516,Feature Request,Low,Closed,2025-08-07 12:48:36,2025-10-17 08:48:48
353,629,Feature Request,Low,Closed,2026-02-18 17:25:29,2026-05-29 04:10:35
354,937,Bug Report,High,Open,2025-05-14 11:09:58,2025-08-02 05:16:26
355,142,Password Reset,High,Open,2024-12-29 14:59:16,2025-09-28 10:14:45
356,701,Feature Request,High,In Progress,2024-07-30 12:36:36,2026-05-18 16:19:38
357,242,Subscription Issue,High,Open,2026-02-28 04:37:04,
358,874,Password Reset,High,In Progress,2025-02-20 01:58:06,2026-05-10 21:23:27
359,424,Payment Failure,Medium,Open,2025-01-02 15:47:07,2026-03-28 03:28:30
360,463,Feature Request,Medium,In Progress,2025-09-29 07:14:21,2025-10-30 16:44:59
361,376,Performance Issue,Medium,Resolved,2026-05-01 17:38:47,2026-05-28 05:21:38
362,247,Performance Issue,Medium,Open,2025-07-23 10:20:24,2025-10-16 13:10:52
363,657,Password Reset,Medium,In Progress,2025-05-25 06:56:54,2026-04-27 16:15:13
364,205,Password Reset,Low,In Progress,2025-03-05 11:15:28,2025-08-09 23:32:57
365,280,Login Issue,Medium,Closed,2024-08-29 05:36:53,2025-01-04 22:32:11
366,668,Subscription Issue,Medium,Closed,2024-09-09 21:23:04,2025-05-01 08:56:10
367,138,Feature Request,Medium,In Progress,2025-06-22 11:59:26,2026-01-08 09:56:55
368,390,Performance Issue,High,Closed,2025-12-28 10:43:02,2026-02-16 09:56:51
369,780,Feature Request,High,Open,2025-07-25 02:27:31,2026-06-09 16:13:46
370,856,Feature Request,High,In Progress,2025-05-29 23:58:17,2026-07-02 05:11:21
371,777,Login Issue,Medium,Resolved,2025-09-12 15:28:43,2026-02-15 17:37:46
372,422,Bug Report,High,Resolved,2025-10-08 03:25:41,2026-04-24 22:26:57
373,749,Subscription Issue,Low,Open,2025-05-23 09:24:06,2025-12-09 19:51:17
374,946,Subscription Issue,Low,Resolved,2026-03-12 08:20:32,2026-04-18 21:12:29
375,437,Subscription Issue,Medium,Resolved,2025-02-05 06:21:51,
376,508,Login Issue,High,Resolved,2025-04-11 06:03:05,2025-11-15 19:43:17
377,611,Login Issue,Medium,Resolved,2026-01-25 12:17:06,2026-06-13 20:53:11
378,949,Subscription Issue,High,In Progress,2024-12-14 09:57:08,2025-05-05 12:33:12
379,993,Login Issue,Low,Resolved,2025-08-08 20:50:26,2026-01-31 16:19:00
380,183,Feature Request,High,Closed,2026-06-19 11:58:33,2026-06-25 15:14:33
381,847,Performance Issue,Low,Open,2025-12-02 18:19:43,2026-01-16 06:12:56
382,870,Login Issue,High,Resolved,2025-01-11 13:31:34,2025-02-12 00:11:45
383,271,Subscription Issue,Medium,In Progress,2024-08-26 21:47:56,2026-01-31 18:11:12
384,953,Performance Issue,Medium,Open,2025-03-14 16:08:45,2025-08-13 04:38:50
385,76,Subscription Issue,Low,Closed,2025-11-13 02:43:31,2026-06-25 02:15:11
386,724,Bug Report,High,Closed,2025-01-22 09:50:16,2025-04-05 13:04:52
387,205,Login Issue,High,Resolved,2026-01-24 11:17:15,2026-05-21 18:19:22
388,454,Feature Request,Medium,Open,2026-06-26 04:02:55,2026-06-27 13:56:25
389,108,Subscription Issue,Medium,Open,2024-08-11 01:17:04,
390,831,Subscription Issue,High,Open,2025-06-23 21:44:35,2025-12-18 15:24:12
391,391,Performance Issue,Low,Open,2025-09-08 12:35:43,2025-12-03 15:22:42
392,720,Login Issue,Low,In Progress,2025-09-09 13:27:12,2026-01-15 16:52:57
393,175,Performance Issue,Low,Closed,2026-04-11 03:12:17,2026-06-08 23:43:24
394,40,Feature Request,Low,In Progress,2024-07-20 17:29:38,2025-12-14 11:10:42
395,698,Subscription Issue,Medium,Closed,2024-09-23 11:38:17,2025-07-04 09:58:29
396,990,Subscription Issue,Low,Closed,2025-09-20 18:21:41,2026-01-08 22:07:24
397,512,Payment Failure,Medium,Open,2025-04-07 18:16:25,2026-05-21 18:53:24
398,705,Subscription Issue,Low,Closed,2025-10-07 16:55:50,
399,892,Payment Failure,High,Resolved,2026-04-20 09:02:58,2026-06-09 05:35:55
400,624,Subscription Issue,Medium,In Progress,2025-08-21 05:36:52,2026-05-25 08:46:15
401,684,Bug Report,Medium,Open,2025-04-17 11:16:15,2025-12-28 01:09:09
402,450,Feature Request,High,Closed,2025-07-01 03:43:10,2025-08-01 06:01:41
403,613,Bug Report,Low,Open,2026-06-30 08:32:47,
404,712,Password Reset,High,Resolved,2025-11-21 23:31:17,2026-06-06 18:52:51
405,570,Performance Issue,High,Open,2025-06-26 18:50:09,2025-08-04 11:53:44
406,224,Bug Report,High,In Progress,2025-03-02 10:23:46,2026-05-17 09:47:27
407,707,Subscription Issue,Low,In Progress,2024-09-25 10:35:00,2024-10-15 20:23:45
408,537,Subscription Issue,Low,In Progress,2025-07-31 22:34:08,2025-08-09 13:26:05
409,39,Feature Request,Medium,Closed,2026-02-22 13:49:24,2026-03-15 21:42:35
410,677,Password Reset,Medium,Closed,2025-04-11 23:26:16,
411,794,Subscription Issue,Medium,In Progress,2024-08-05 20:47:20,2025-09-09 07:59:43
412,985,Subscription Issue,High,In Progress,2024-10-18 22:14:10,2025-09-28 11:36:31
413,636,Performance Issue,Medium,Resolved,2025-01-21 15:24:26,2025-03-17 09:09:51
414,357,Payment Failure,Medium,Resolved,2026-05-25 02:58:42,2026-06-20 00:33:53
415,617,Performance Issue,Low,Resolved,2025-06-13 10:53:05,2026-06-26 11:50:27
416,450,Bug Report,Medium,In Progress,2025-01-13 08:44:41,2026-03-25 18:52:17
417,868,Subscription Issue,Low,Closed,2024-10-11 10:47:49,2024-12-21 13:27:29
418,469,Login Issue,Medium,Closed,2025-04-06 16:25:45,
419,967,Bug Report,Low,Resolved,2025-02-22 06:08:01,2026-01-24 12:23:19
420,547,Feature Request,High,Open,2024-07-29 02:10:18,
421,77,Subscription Issue,High,Closed,2025-02-15 10:11:49,2026-05-21 04:30:03
422,859,Subscription Issue,High,Closed,2025-04-25 07:40:16,2026-01-29 17:39:43
423,199,Performance Issue,Medium,Resolved,2024-10-13 04:30:57,2025-07-17 03:47:02
424,792,Bug Report,Low,Closed,2024-12-29 16:09:39,2025-10-17 10:14:55
425,387,Password Reset,High,Resolved,2026-01-23 09:16:00,2026-06-09 10:54:34
426,508,Performance Issue,Low,In Progress,2024-09-24 00:57:44,2025-09-25 23:04:09
427,521,Bug Report,Low,Resolved,2025-08-28 18:35:45,
428,80,Bug Report,High,Open,2025-06-09 01:14:49,2025-11-06 01:21:00
429,458,Login Issue,High,Open,2024-08-19 22:20:49,2025-12-27 10:49:32
430,354,Bug Report,High,In Progress,2025-03-31 00:46:45,2026-04-16 21:24:05
431,602,Login Issue,Low,Resolved,2026-02-26 07:20:34,2026-03-09 01:22:14
432,764,Password Reset,High,Open,2026-01-29 21:33:36,2026-02-21 06:45:37
433,885,Bug Report,High,Closed,2025-12-11 09:02:23,2026-04-01 12:27:42
434,788,Payment Failure,Medium,In Progress,2026-04-07 13:19:00,2026-06-09 01:30:49
435,498,Password Reset,Low,Open,2024-08-14 19:52:12,
436,90,Performance Issue,Low,Closed,2025-10-18 09:09:04,
437,634,Bug Report,Medium,Resolved,2025-03-02 06:44:00,2025-05-21 06:39:24
438,632,Performance Issue,High,Open,2026-02-06 22:54:42,2026-05-19 21:37:34
439,829,Payment Failure,High,Resolved,2026-01-12 06:32:29,2026-05-22 19:04:38
440,727,Password Reset,Low,In Progress,2026-04-05 03:03:08,2026-07-02 03:30:10
441,589,Payment Failure,Medium,Open,2025-01-06 03:43:31,2025-09-30 13:55:34
442,739,Feature Request,High,In Progress,2026-02-02 23:19:25,2026-05-16 09:37:33
443,244,Subscription Issue,Low,Open,2025-11-11 04:36:48,2026-02-02 08:22:52
444,270,Feature Request,Medium,Open,2026-04-26 20:06:07,2026-04-28 20:27:31
445,833,Payment Failure,Low,In Progress,2024-08-06 01:44:37,
446,559,Feature Request,High,In Progress,2026-03-03 10:28:30,2026-05-09 13:15:24
447,656,Feature Request,High,Resolved,2025-04-07 00:21:40,2025-08-10 16:37:00
448,810,Feature Request,Low,Open,2025-05-10 11:29:09,
449,472,Bug Report,Medium,In Progress,2024-10-10 19:54:59,
450,625,Performance Issue,Medium,Closed,2025-08-07 06:21:23,2025-11-11 16:42:00
451,552,Bug Report,Low,Resolved,2026-02-07 12:17:14,2026-04-19 13:24:58
452,964,Password Reset,Low,Open,2025-03-02 09:34:27,
453,694,Login Issue,Medium,In Progress,2024-11-12 07:54:24,2025-11-13 18:04:59
454,239,Password Reset,Low,Resolved,2024-09-09 16:44:47,2026-03-28 20:02:01
455,863,Bug Report,High,In Progress,2024-12-02 21:04:25,2025-05-10 01:08:42
456,85,Payment Failure,High,Open,2026-03-20 01:43:43,
457,220,Bug Report,High,In Progress,2024-10-10 06:03:23,2026-04-17 02:36:23
458,293,Login Issue,Medium,In Progress,2025-11-28 03:44:13,2025-12-06 05:50:43
459,680,Subscription Issue,Medium,Closed,2025-09-08 00:39:10,2026-01-17 20:36:58
460,525,Payment Failure,High,Resolved,2024-09-03 18:33:55,2025-11-09 03:22:12
461,267,Login Issue,Low,Closed,2025-05-11 16:18:07,2025-12-12 05:41:32
462,789,Password Reset,Low,Closed,2024-10-17 04:08:29,
463,101,Login Issue,High,In Progress,2025-09-20 21:18:11,2026-02-02 11:23:56
464,28,Payment Failure,High,Resolved,2026-02-17 19:26:18,2026-04-05 17:25:42
465,174,Password Reset,Medium,In Progress,2024-10-11 07:33:30,2025-05-03 11:44:32
466,630,Performance Issue,Medium,Closed,2026-02-20 03:48:29,2026-06-05 15:48:44
467,343,Payment Failure,High,In Progress,2026-06-29 11:08:15,2026-07-03 02:14:11
468,934,Subscription Issue,Low,Open,2024-11-23 21:16:35,
469,213,Performance Issue,Medium,Open,2025-08-13 19:47:10,
470,792,Payment Failure,High,Closed,2026-02-06 13:20:47,2026-03-15 13:21:13
471,976,Payment Failure,Medium,Resolved,2024-10-15 17:28:06,2026-03-23 02:25:23
472,425,Subscription Issue,Low,In Progress,2026-01-25 13:52:07,2026-04-13 18:30:30
473,484,Feature Request,High,Resolved,2024-09-11 19:31:20,2026-06-30 12:09:32
474,535,Feature Request,Low,Resolved,2026-01-20 19:47:56,2026-04-02 23:50:13
475,878,Password Reset,Low,Closed,2024-08-13 20:44:38,
476,681,Password Reset,Medium,Resolved,2026-05-14 22:34:43,2026-06-19 11:43:51
477,257,Bug Report,High,Open,2025-08-31 22:17:31,
478,474,Payment Failure,Low,Closed,2026-06-25 07:29:32,
479,947,Performance Issue,Medium,Closed,2026-06-03 20:24:36,2026-06-30 08:53:52
480,297,Bug Report,High,Resolved,2024-10-11 03:42:03,2025-06-15 07:53:45
481,952,Password Reset,Medium,In Progress,2026-05-05 03:29:58,2026-06-09 07:56:05
482,729,Bug Report,Medium,Resolved,2026-04-19 23:52:27,2026-06-12 14:09:59
483,17,Feature Request,Medium,Closed,2024-10-07 08:22:25,2025-09-01 18:43:27
484,12,Subscription Issue,Medium,In Progress,2024-09-21 12:04:54,2024-12-18 15:22:41
485,640,Password Reset,Medium,In Progress,2024-10-12 06:50:51,2026-06-11 17:09:38
486,484,Login Issue,High,Open,2025-02-10 17:09:01,2026-02-04 05:43:34
487,352,Password Reset,High,In Progress,2025-06-11 00:03:00,2026-01-05 23:43:16
488,222,Payment Failure,Low,In Progress,2024-10-22 22:22:21,2025-11-19 15:43:23
489,15,Subscription Issue,High,Open,2025-02-05 01:00:13,2025-10-02 12:11:59
490,205,Performance Issue,Low,Closed,2024-07-26 04:41:17,2025-06-19 05:47:24
491,186,Password Reset,High,Closed,2025-03-25 02:14:07,2025-11-09 02:38:54
492,171,Password Reset,Low,Resolved,2024-07-26 10:06:38,2026-03-18 21:44:21
493,992,Performance Issue,High,Resolved,2024-11-26 05:34:29,2025-06-06 01:05:17
494,611,Bug Report,High,Closed,2025-12-01 01:31:25,2026-02-12 05:02:28
495,768,Performance Issue,High,Resolved,2026-07-06 07:42:35,
496,907,Performance Issue,Medium,Closed,2025-05-26 05:45:29,2026-02-12 16:33:35
497,378,Password Reset,High,Open,2024-08-28 23:37:13,2025-02-26 19:29:00
498,755,Password Reset,Medium,Closed,2024-10-02 14:10:47,2025-09-08 05:32:00
499,984,Login Issue,Low,Closed,2026-01-20 20:46:09,
500,609,Bug Report,High,In Progress,2024-11-09 22:36:50,
501,379,Feature Request,Low,Open,2025-04-07 15:19:59,2026-01-30 21:55:51
502,969,Performance Issue,High,Closed,2026-01-03 06:27:22,2026-06-28 10:23:25
503,117,Payment Failure,Medium,Resolved,2024-11-02 01:27:32,
504,22,Payment Failure,Medium,In Progress,2024-10-15 03:36:26,
505,430,Performance Issue,High,Closed,2025-02-06 19:02:21,2026-02-22 16:39:36
506,547,Login Issue,Medium,Resolved,2024-11-24 07:18:58,2026-02-24 06:51:01
507,612,Bug Report,Low,Closed,2026-04-24 19:50:25,2026-06-21 16:24:24
508,13,Payment Failure,High,Closed,2025-03-12 15:52:24,2025-10-10 17:43:44
509,273,Performance Issue,Low,Resolved,2025-12-21 17:54:29,2026-05-28 13:59:27
510,472,Feature Request,Medium,Closed,2025-07-16 07:59:27,2026-05-22 07:19:39
511,520,Performance Issue,High,Resolved,2025-02-15 18:02:37,2026-05-17 17:42:35
512,877,Bug Report,Medium,Resolved,2025-08-28 02:01:13,2026-04-11 15:00:15
513,235,Performance Issue,High,In Progress,2025-04-08 05:28:04,2025-08-15 20:12:12
514,814,Bug Report,Low,Closed,2024-09-14 00:40:09,2025-11-03 20:48:49
515,862,Payment Failure,Low,Open,2025-01-17 19:42:48,2025-07-24 23:26:36
516,476,Payment Failure,Low,In Progress,2026-06-11 09:43:51,2026-06-23 00:52:36
517,592,Login Issue,High,Open,2025-09-01 11:12:22,2025-12-16 05:28:35
518,852,Payment Failure,Low,In Progress,2025-02-19 01:34:51,2025-10-12 05:33:31
519,551,Subscription Issue,Low,Resolved,2025-10-06 21:02:56,2025-11-20 06:22:13
520,899,Performance Issue,Medium,Resolved,2025-12-25 22:02:05,2026-07-05 07:33:48
521,549,Feature Request,High,Open,2025-06-20 02:48:23,
522,814,Performance Issue,High,Closed,2024-07-17 09:21:11,2025-01-26 13:32:41
523,810,Performance Issue,Medium,Closed,2024-11-14 20:55:12,2025-04-15 14:25:12
524,911,Payment Failure,High,Open,2026-06-28 04:00:27,2026-07-04 11:39:59
525,73,Login Issue,Low,In Progress,2025-08-17 12:47:03,
526,786,Login Issue,High,In Progress,2025-01-01 21:44:00,2026-07-05 15:55:50
527,59,Payment Failure,Medium,Closed,2026-03-09 09:57:09,2026-05-29 22:01:13
528,556,Performance Issue,Low,Open,2025-10-10 12:12:03,2025-11-08 05:21:24
529,750,Performance Issue,Low,Open,2025-07-13 13:19:56,
530,613,Performance Issue,Medium,Closed,2025-05-30 02:14:35,2025-09-19 02:37:17
531,38,Feature Request,Low,Resolved,2025-01-09 22:40:33,2025-08-12 03:28:12
532,273,Bug Report,Low,Closed,2024-09-11 13:31:14,2025-12-19 06:20:41
533,220,Bug Report,High,Open,2025-01-16 06:00:26,2025-07-10 19:51:44
534,498,Payment Failure,Low,Resolved,2025-04-18 21:59:49,2025-10-29 05:30:44
535,908,Payment Failure,Low,Closed,2025-02-03 16:21:24,2025-05-25 15:44:36
536,774,Subscription Issue,High,Open,2024-10-19 02:12:26,2025-09-03 17:07:41
537,781,Subscription Issue,Medium,Closed,2026-04-06 21:09:52,
538,710,Subscription Issue,Medium,In Progress,2025-09-24 05:49:19,
539,578,Performance Issue,Low,Resolved,2025-08-05 08:25:37,2025-08-07 06:37:31
540,440,Feature Request,High,Resolved,2025-10-30 16:30:28,
541,862,Bug Report,Medium,Closed,2025-11-09 07:58:43,2026-06-11 03:23:50
542,80,Bug Report,Medium,In Progress,2026-06-19 17:37:22,2026-07-03 04:07:59
543,960,Password Reset,Low,Resolved,2026-01-24 20:51:40,2026-02-22 02:33:54
544,988,Feature Request,Low,Closed,2024-11-29 22:24:36,
545,675,Performance Issue,High,Open,2026-06-12 14:13:23,2026-06-26 15:40:40
546,773,Feature Request,High,Open,2025-10-09 02:29:31,2026-05-08 07:50:16
547,729,Login Issue,Low,Closed,2026-02-28 02:41:09,2026-06-01 01:06:35
548,669,Feature Request,Low,Closed,2024-10-05 02:35:16,2025-03-15 00:34:36
549,16,Login Issue,Low,Open,2026-05-14 23:13:58,2026-06-20 04:15:52
550,345,Performance Issue,High,Resolved,2025-12-06 10:40:58,2026-02-08 19:47:56
551,776,Password Reset,High,Open,2026-04-01 07:10:39,2026-05-22 19:59:01
552,156,Password Reset,Medium,Open,2026-03-24 07:13:35,2026-06-07 15:50:38
553,608,Password Reset,High,Open,2024-12-16 04:25:28,2025-01-16 16:12:48
554,948,Feature Request,Medium,In Progress,2026-01-20 00:47:39,2026-01-21 15:54:40
555,244,Login Issue,High,Resolved,2024-08-05 08:34:28,2026-06-11 15:20:08
556,319,Login Issue,Medium,Open,2025-03-18 12:31:27,2026-03-02 23:54:17
557,930,Performance Issue,Low,Resolved,2025-04-15 03:09:22,2026-02-13 12:12:55
558,429,Subscription Issue,Medium,Resolved,2024-11-28 09:09:56,2026-02-15 18:01:57
559,775,Login Issue,High,In Progress,2025-05-24 12:20:24,2026-03-30 14:32:54
560,21,Payment Failure,Medium,In Progress,2025-04-24 14:50:15,2025-07-14 08:29:38
561,194,Performance Issue,High,Open,2025-07-06 10:13:23,2025-08-15 03:43:29
562,508,Performance Issue,Low,Open,2026-03-18 16:49:10,2026-05-19 11:38:59
563,766,Bug Report,Low,Closed,2025-02-14 03:02:46,
564,35,Password Reset,Low,Open,2024-07-16 20:20:40,2026-06-20 03:41:20
565,102,Feature Request,Medium,In Progress,2026-02-07 12:38:28,2026-06-06 18:01:08
566,894,Bug Report,Medium,Resolved,2026-05-07 21:30:58,2026-05-23 21:07:19
567,772,Performance Issue,Low,Closed,2024-07-28 17:00:13,
568,272,Login Issue,Low,Resolved,2025-07-15 01:24:51,2025-08-23 13:49:24
569,438,Payment Failure,Medium,Open,2026-07-06 00:58:06,2026-07-06 05:34:11
570,578,Performance Issue,Low,In Progress,2024-12-11 02:17:55,
571,397,Bug Report,High,Resolved,2025-04-11 19:45:49,
572,525,Payment Failure,High,Closed,2025-03-03 21:30:08,2025-06-23 04:01:48
573,996,Feature Request,Low,Closed,2025-04-02 05:22:45,2025-08-20 06:45:44
574,528,Password Reset,High,Closed,2025-07-07 00:04:09,2026-06-12 04:32:16
575,901,Subscription Issue,High,Resolved,2024-11-21 19:06:27,2025-01-12 15:56:02
576,436,Feature Request,High,Closed,2025-08-22 03:35:53,2026-03-09 18:09:11
577,849,Bug Report,Low,Closed,2024-09-25 04:35:52,2026-06-18 00:21:50
578,975,Performance Issue,High,Closed,2024-08-09 19:57:23,2026-04-08 16:12:59
579,838,Subscription Issue,High,Resolved,2024-10-06 05:28:40,2026-01-06 18:45:07
580,807,Subscription Issue,High,In Progress,2024-09-20 11:45:43,2025-10-18 15:33:57
581,596,Payment Failure,High,Resolved,2026-06-30 21:54:19,2026-07-06 01:41:38
582,105,Payment Failure,Medium,Open,2025-07-26 12:39:24,2025-09-04 14:04:26
583,159,Feature Request,Medium,In Progress,2024-12-27 09:40:59,2026-03-20 04:43:33
584,305,Performance Issue,High,In Progress,2026-04-09 16:20:42,
585,895,Payment Failure,Low,Closed,2025-08-16 04:07:46,
586,42,Login Issue,High,In Progress,2025-07-23 13:26:49,
587,511,Performance Issue,Medium,Open,2025-10-07 02:22:47,2025-11-28 00:37:54
588,586,Feature Request,Low,Open,2025-10-20 09:40:53,
589,659,Performance Issue,Medium,Open,2026-01-24 12:34:31,2026-04-22 00:51:09
590,438,Password Reset,Medium,In Progress,2025-03-13 12:56:15,2026-03-26 03:54:59
591,143,Payment Failure,Low,In Progress,2026-03-15 01:42:04,2026-05-27 16:51:08
592,260,Feature Request,Medium,Resolved,2025-09-06 03:45:27,2026-01-07 15:04:30
593,731,Performance Issue,Medium,Closed,2026-02-11 20:42:03,2026-06-25 00:04:00
594,925,Subscription Issue,Medium,In Progress,2025-12-25 13:14:20,2026-01-09 18:44:10
595,5,Password Reset,Medium,Open,2026-01-03 12:12:51,2026-06-11 01:30:55
596,191,Password Reset,Medium,Closed,2025-05-28 22:31:38,2025-10-25 15:48:27
597,481,Feature Request,High,Resolved,2026-01-21 03:46:04,
598,408,Bug Report,Medium,Closed,2025-09-29 23:01:46,
599,396,Login Issue,High,Closed,2025-05-25 13:17:04,
600,215,Feature Request,High,Closed,2025-10-07 16:53:24,2025-11-23 08:29:58
601,649,Login Issue,High,Resolved,2024-07-25 15:03:59,2026-02-01 15:44:24
602,962,Password Reset,Low,Closed,2025-01-09 04:56:15,2025-08-04 11:40:47
603,85,Password Reset,Medium,Open,2025-11-26 17:46:11,2026-05-09 10:21:05
604,873,Password Reset,Low,Resolved,2025-10-09 06:42:15,
605,862,Payment Failure,High,Open,2026-05-22 10:36:52,2026-06-27 19:39:08
606,706,Feature Request,High,Resolved,2026-02-13 23:52:50,2026-05-19 13:58:32
607,83,Subscription Issue,Low,In Progress,2024-08-09 17:29:04,2026-06-24 05:37:55
608,636,Feature Request,Medium,Resolved,2024-09-14 14:25:49,2025-03-29 16:24:36
609,751,Subscription Issue,Low,In Progress,2025-10-21 10:02:33,2026-01-05 16:21:19
610,707,Password Reset,Low,In Progress,2025-06-21 10:46:31,2026-01-18 19:11:44
611,876,Subscription Issue,High,In Progress,2026-03-09 00:21:07,
612,62,Password Reset,High,In Progress,2026-05-14 04:11:20,2026-05-27 16:16:32
613,851,Performance Issue,Low,Open,2025-06-27 23:44:23,2025-07-10 03:58:40
614,352,Password Reset,High,Open,2025-12-12 03:48:54,2026-06-10 20:45:29
615,298,Bug Report,Medium,Resolved,2026-06-05 01:47:24,2026-06-26 15:28:50
616,144,Feature Request,High,Closed,2025-09-26 06:42:26,2025-12-28 08:07:13
617,130,Login Issue,Low,In Progress,2026-02-25 23:05:14,2026-03-03 23:37:19
618,35,Login Issue,Low,Closed,2024-12-13 13:13:43,
619,409,Performance Issue,Low,Resolved,2026-01-29 09:48:21,
620,835,Subscription Issue,Medium,Closed,2026-05-13 15:33:37,2026-06-05 03:12:05
621,180,Performance Issue,Medium,Closed,2025-07-30 22:58:22,2026-06-26 00:37:34
622,987,Feature Request,High,Open,2025-07-16 22:22:46,2025-11-27 18:47:21
623,708,Payment Failure,High,In Progress,2025-04-18 16:05:56,2026-06-24 05:32:14
624,451,Performance Issue,Medium,In Progress,2024-07-19 22:54:43,2025-07-26 12:57:19
625,818,Password Reset,Medium,Resolved,2025-08-30 11:30:33,2026-04-12 14:27:35
626,162,Feature Request,Low,In Progress,2026-05-13 14:17:47,2026-06-23 22:40:56
627,793,Login Issue,Low,Resolved,2024-12-03 12:50:06,
628,896,Password Reset,High,Open,2025-04-21 00:14:20,2026-02-14 12:26:30
629,384,Bug Report,High,Resolved,2026-01-09 18:24:01,
630,345,Login Issue,High,Closed,2025-07-28 11:40:31,2025-10-10 09:32:01
631,753,Subscription Issue,High,In Progress,2025-09-22 13:20:10,2025-12-05 01:36:36
632,168,Password Reset,High,In Progress,2024-10-29 20:00:12,2025-09-15 16:10:07
633,618,Bug Report,Low,Open,2025-05-01 10:33:13,2026-01-18 02:32:19
634,550,Password Reset,High,Closed,2025-07-30 16:16:05,2025-10-03 10:28:43
635,494,Subscription Issue,High,Closed,2024-08-30 15:28:12,2025-12-19 09:15:33
636,353,Bug Report,Low,Closed,2025-09-18 15:03:30,2025-12-26 19:10:00
637,873,Performance Issue,Low,Open,2024-12-28 14:11:44,2025-06-13 10:29:55
638,614,Login Issue,Medium,Resolved,2026-05-14 17:03:04,2026-06-01 18:13:56
639,232,Login Issue,Medium,In Progress,2026-03-15 01:51:53,2026-04-13 06:32:24
640,812,Feature Request,Low,Open,2025-06-29 03:36:41,2025-12-17 01:38:14
641,455,Bug Report,Low,In Progress,2025-01-07 23:17:06,2025-10-02 20:50:27
642,585,Payment Failure,High,Closed,2026-04-19 09:22:22,
643,208,Bug Report,Medium,Open,2025-11-26 18:47:33,
644,656,Subscription Issue,High,In Progress,2024-07-14 05:34:32,
645,213,Password Reset,Low,Closed,2025-09-18 04:30:51,2025-10-06 18:26:28
646,469,Performance Issue,High,Open,2025-01-03 11:49:41,2026-02-19 15:18:24
647,604,Performance Issue,Low,In Progress,2026-01-18 14:20:45,
648,678,Bug Report,Medium,Closed,2026-05-21 23:52:45,2026-06-06 15:20:07
649,283,Login Issue,Low,Closed,2025-04-04 07:24:33,2025-08-03 15:29:55
650,740,Payment Failure,Low,Resolved,2025-04-15 09:08:44,2025-12-30 03:56:32
651,685,Password Reset,High,Closed,2025-12-20 21:55:01,2026-06-11 08:49:55
652,40,Feature Request,Medium,In Progress,2025-02-05 10:54:14,
653,133,Password Reset,High,Open,2024-10-10 13:15:01,2025-06-06 02:21:38
654,253,Feature Request,Low,Resolved,2025-05-13 06:44:10,2025-07-30 21:17:16
655,831,Login Issue,High,In Progress,2026-04-09 16:18:52,
656,864,Login Issue,Low,Closed,2024-12-09 21:48:21,2025-05-11 12:42:50
657,184,Subscription Issue,Low,Open,2026-02-19 18:21:10,2026-03-23 07:43:57
658,408,Feature Request,High,Open,2025-06-03 04:26:36,2025-11-13 20:50:33
659,466,Bug Report,Medium,Resolved,2025-06-23 02:32:06,2025-11-12 16:49:14
660,913,Bug Report,Medium,In Progress,2025-08-03 05:42:00,2025-11-14 11:04:57
661,779,Feature Request,Low,In Progress,2025-12-28 02:58:31,2026-03-03 09:59:51
662,161,Feature Request,Low,Resolved,2025-04-02 19:55:01,2025-07-26 12:45:19
663,368,Subscription Issue,Low,Resolved,2025-06-08 18:31:15,2025-07-28 00:00:22
664,693,Payment Failure,Low,Resolved,2025-05-16 07:19:56,2026-04-21 21:10:29
665,212,Feature Request,Medium,Resolved,2025-08-02 03:11:44,2026-02-07 03:46:33
666,46,Login Issue,Low,Resolved,2026-02-26 23:15:11,2026-04-26 08:56:20
667,662,Password Reset,Low,Closed,2025-10-22 04:09:55,2026-05-31 23:51:50
668,765,Subscription Issue,Medium,In Progress,2026-05-15 22:46:16,
669,220,Feature Request,Low,Closed,2024-11-06 15:25:38,
670,112,Subscription Issue,Medium,Open,2026-05-03 09:11:39,2026-05-29 13:06:59
671,366,Bug Report,Medium,Closed,2025-09-20 22:11:30,2026-05-19 03:00:58
672,829,Password Reset,Low,Open,2025-06-26 01:14:49,2025-12-30 07:09:21
673,772,Performance Issue,Low,Closed,2024-11-29 06:49:56,2025-05-24 01:21:28
674,567,Subscription Issue,Medium,Closed,2025-07-19 10:02:29,2025-11-10 07:23:16
675,53,Bug Report,Low,Open,2025-07-18 10:48:24,2026-02-07 03:55:45
676,178,Password Reset,Medium,Resolved,2025-07-09 11:07:45,2025-12-28 02:00:28
677,883,Performance Issue,High,In Progress,2025-08-16 13:54:56,2025-10-14 21:23:31
678,542,Feature Request,Low,Resolved,2026-05-22 17:26:48,2026-06-21 08:10:55
679,622,Bug Report,Low,Open,2026-06-06 00:36:40,2026-06-17 05:58:52
680,340,Login Issue,Medium,Closed,2024-12-16 06:20:24,
681,50,Performance Issue,Low,Closed,2026-05-18 01:39:00,2026-06-29 18:29:20
682,696,Login Issue,Low,Closed,2025-08-12 14:16:35,
683,94,Performance Issue,Low,Resolved,2026-04-27 19:23:06,2026-05-23 11:49:23
684,974,Performance Issue,High,In Progress,2024-10-04 10:13:53,2025-05-16 23:06:57
685,569,Payment Failure,High,Resolved,2025-10-11 02:16:42,2025-11-05 02:06:02
686,923,Bug Report,High,In Progress,2025-07-27 15:15:44,2026-07-05 13:44:39
687,681,Bug Report,High,Open,2026-01-05 17:13:49,2026-06-10 21:34:51
688,676,Feature Request,Medium,In Progress,2024-10-12 22:55:47,
689,228,Performance Issue,Medium,Closed,2024-07-10 07:35:50,2024-11-12 19:45:27
690,602,Performance Issue,Low,Closed,2025-08-22 13:01:16,
691,460,Password Reset,Low,Open,2024-08-30 16:23:45,2024-10-03 03:14:22
692,639,Bug Report,Low,Open,2025-06-27 17:47:43,2025-07-18 02:53:53
693,563,Feature Request,High,Closed,2025-12-18 08:27:17,2026-03-22 08:50:11
694,432,Password Reset,Low,Resolved,2025-02-15 11:03:14,2025-10-25 09:58:29
695,858,Login Issue,Low,Closed,2024-09-10 08:50:01,
696,484,Bug Report,High,Open,2026-02-06 00:26:03,2026-06-16 15:27:36
697,723,Bug Report,Low,In Progress,2025-05-24 19:04:43,2026-02-05 06:43:33
698,621,Login Issue,Low,In Progress,2025-09-03 02:01:59,2026-04-08 18:43:50
699,458,Password Reset,High,In Progress,2024-11-15 20:37:02,2025-01-10 05:36:29
700,958,Password Reset,High,Open,2026-02-11 15:13:34,2026-03-01 13:17:21
701,780,Login Issue,Low,In Progress,2024-12-04 07:39:16,2025-03-12 15:19:22
702,884,Bug Report,High,In Progress,2025-02-05 12:17:11,2026-05-01 10:28:33
703,58,Login Issue,Low,Closed,2025-10-14 09:41:57,2026-03-26 04:35:54
704,833,Payment Failure,Low,Open,2024-11-23 20:35:20,2025-05-07 18:47:07
705,770,Subscription Issue,Medium,Resolved,2025-12-27 10:39:23,2026-04-24 13:22:38
706,576,Payment Failure,High,Resolved,2025-10-17 20:32:03,2026-05-09 14:27:06
707,74,Password Reset,Low,In Progress,2024-08-19 15:34:21,2024-09-25 03:29:42
708,854,Subscription Issue,High,Closed,2025-02-26 16:30:16,2025-11-21 05:45:03
709,949,Payment Failure,Medium,Open,2026-02-23 23:57:40,2026-05-24 03:25:57
710,314,Login Issue,Medium,Closed,2026-03-11 14:14:50,2026-06-05 17:26:29
711,100,Performance Issue,Low,Resolved,2025-05-18 08:19:07,2025-05-24 17:18:54
712,405,Bug Report,Medium,Resolved,2024-10-01 00:50:52,2025-03-28 01:00:53
713,264,Feature Request,High,Resolved,2026-03-24 09:34:41,
714,425,Password Reset,High,In Progress,2026-02-11 08:37:27,2026-02-15 15:39:35
715,826,Password Reset,Medium,Resolved,2025-07-03 15:07:53,
716,381,Login Issue,Low,Open,2025-11-10 12:30:12,2025-11-16 14:47:27
717,599,Login Issue,Low,Resolved,2026-04-24 05:53:00,
718,752,Feature Request,Low,In Progress,2026-02-16 21:12:55,2026-05-09 12:11:41
719,493,Performance Issue,Medium,Open,2024-11-14 02:40:14,2024-11-14 21:33:38
720,447,Bug Report,Low,In Progress,2025-12-03 23:43:48,
721,500,Payment Failure,Low,Resolved,2025-10-15 10:28:12,2026-02-15 13:42:21
722,524,Bug Report,High,Resolved,2025-06-17 22:04:51,2026-03-21 07:56:54
723,377,Bug Report,Medium,In Progress,2025-07-17 07:06:33,2026-03-02 08:37:56
724,106,Subscription Issue,High,Open,2024-09-21 01:36:06,
725,665,Password Reset,High,Open,2024-12-05 14:46:46,2025-10-04 06:37:30
726,3,Performance Issue,Medium,Open,2026-05-31 00:52:10,
727,940,Payment Failure,High,In Progress,2026-06-17 14:59:52,2026-06-22 01:08:28
728,941,Bug Report,Low,Resolved,2025-10-01 13:27:28,2025-10-14 02:01:11
729,176,Subscription Issue,Low,Resolved,2024-12-01 13:44:48,2025-05-18 15:11:00
730,769,Payment Failure,High,Open,2024-11-30 19:04:54,2025-03-15 21:32:24
731,451,Password Reset,High,Closed,2025-10-07 10:22:21,2026-04-27 14:14:30
732,779,Password Reset,High,Open,2024-08-25 20:50:08,
733,289,Performance Issue,Low,Resolved,2025-11-20 22:43:59,2026-06-14 01:11:24
734,120,Login Issue,High,Resolved,2026-03-20 19:10:10,
735,717,Performance Issue,Low,Closed,2025-11-29 15:47:01,2026-02-15 00:58:58
736,443,Performance Issue,High,Open,2025-09-04 22:12:15,2025-11-16 05:35:21
737,606,Payment Failure,High,Open,2026-03-03 15:02:41,2026-04-05 08:55:29
738,230,Payment Failure,Medium,Closed,2026-03-31 02:04:29,2026-04-06 05:27:21
739,251,Payment Failure,Medium,In Progress,2026-04-24 21:55:58,
740,866,Bug Report,Medium,Open,2025-01-13 21:25:22,2025-11-04 16:29:51
741,471,Feature Request,Low,Open,2025-08-04 00:54:23,
742,202,Password Reset,High,In Progress,2025-08-19 02:50:20,
743,915,Feature Request,Medium,Closed,2025-08-13 04:29:46,2026-05-24 09:59:01
744,864,Feature Request,Medium,In Progress,2024-10-24 13:39:12,2025-11-18 01:12:55
745,96,Payment Failure,Low,Closed,2025-03-21 06:07:49,
746,899,Performance Issue,Medium,In Progress,2025-08-02 23:05:20,2026-07-05 13:07:06
747,541,Payment Failure,Medium,In Progress,2026-07-03 21:54:54,
748,945,Subscription Issue,Medium,Resolved,2025-05-19 04:56:45,2026-03-02 04:41:36
749,418,Bug Report,High,In Progress,2025-05-04 20:50:58,2025-05-30 04:44:36
750,371,Payment Failure,Low,Resolved,2026-04-03 18:15:58,
751,741,Payment Failure,High,Open,2025-08-15 11:27:23,2026-06-25 16:02:31
752,68,Feature Request,Medium,In Progress,2026-04-04 12:25:45,
753,128,Login Issue,Medium,Resolved,2025-02-25 03:52:38,2026-02-18 00:50:57
754,554,Subscription Issue,Medium,Resolved,2026-04-20 05:40:38,
755,497,Bug Report,Low,Open,2025-12-10 18:03:45,2025-12-27 16:48:03
756,433,Password Reset,Low,Closed,2024-11-26 04:32:34,2025-09-13 08:26:02
757,194,Feature Request,Medium,Closed,2026-01-15 17:19:21,2026-06-05 20:58:46
758,781,Bug Report,High,Open,2026-03-25 06:22:56,2026-06-20 07:32:53
759,68,Bug Report,High,In Progress,2025-05-18 23:38:43,2025-10-06 14:56:26
760,248,Feature Request,Medium,Closed,2025-02-11 11:09:29,2025-12-16 02:10:11
761,946,Bug Report,High,Open,2026-03-21 09:42:03,2026-06-17 23:02:38
762,890,Performance Issue,Low,Closed,2025-07-24 19:25:22,2025-10-21 06:26:01
763,770,Login Issue,Low,Resolved,2026-04-10 23:22:39,2026-06-05 08:16:18
764,125,Subscription Issue,Low,Closed,2024-12-25 13:35:09,2025-04-27 08:03:03
765,369,Bug Report,High,Open,2025-01-16 09:56:18,2026-01-29 05:52:13
766,455,Bug Report,Medium,In Progress,2024-10-10 01:03:21,2026-01-04 03:18:38
767,919,Password Reset,Medium,Open,2025-05-06 16:51:09,2025-08-28 14:13:03
768,64,Performance Issue,Medium,In Progress,2025-12-05 05:39:56,2026-01-20 05:44:58
769,983,Login Issue,Medium,Closed,2025-04-08 14:29:42,2025-10-17 15:10:28
770,786,Payment Failure,High,In Progress,2026-01-15 09:22:50,2026-05-09 01:11:16
771,890,Payment Failure,Medium,In Progress,2024-11-30 16:21:13,2026-03-11 12:33:05
772,794,Feature Request,Low,In Progress,2024-10-05 21:05:59,2025-05-19 01:17:54
773,458,Payment Failure,High,In Progress,2025-05-06 01:46:29,2025-07-18 12:34:50
774,46,Bug Report,Low,Resolved,2025-03-01 20:25:09,
775,478,Password Reset,High,Resolved,2026-01-25 08:49:25,2026-04-16 10:33:13
776,360,Payment Failure,Low,Resolved,2025-10-28 05:36:36,2026-01-21 15:48:42
777,978,Login Issue,High,Open,2024-09-05 20:33:37,2025-11-20 05:20:00
778,107,Password Reset,Low,Open,2025-01-27 16:00:40,2025-04-03 04:52:46
779,504,Bug Report,Medium,Closed,2025-06-17 04:55:51,
780,697,Payment Failure,High,Open,2025-08-16 17:01:48,2025-12-12 22:18:36
781,768,Payment Failure,Low,Open,2025-02-24 15:16:30,2026-06-12 10:26:26
782,532,Bug Report,High,Resolved,2026-01-15 21:41:33,2026-01-25 08:57:19
783,665,Feature Request,Medium,Open,2025-11-26 05:26:33,2026-01-08 06:36:42
784,768,Payment Failure,High,Open,2025-07-16 21:41:39,
785,802,Bug Report,High,In Progress,2024-09-07 06:43:10,
786,977,Bug Report,High,Resolved,2024-12-04 22:31:00,2026-06-06 00:15:09
787,509,Login Issue,Low,In Progress,2024-10-28 13:57:50,
788,513,Login Issue,Low,Closed,2025-09-10 05:24:57,2026-06-09 19:45:49
789,223,Bug Report,Low,Open,2025-04-10 17:15:48,2025-06-18 16:27:13
790,96,Payment Failure,Low,Open,2026-07-01 19:56:13,2026-07-03 17:51:15
791,400,Subscription Issue,Low,Closed,2024-10-16 04:31:21,2026-05-27 19:15:32
792,298,Performance Issue,Medium,Resolved,2025-04-13 15:30:26,2026-01-11 10:48:46
793,372,Performance Issue,High,Closed,2024-08-06 07:16:30,2025-02-13 20:52:08
794,226,Performance Issue,Medium,In Progress,2025-06-09 21:14:32,2025-09-11 11:57:03
795,21,Performance Issue,High,Resolved,2025-10-16 22:40:09,2026-02-09 23:49:32
796,909,Subscription Issue,Low,Resolved,2025-03-06 22:56:08,
797,887,Bug Report,High,Resolved,2026-02-26 21:14:49,2026-06-30 19:08:45
798,175,Bug Report,Low,In Progress,2026-05-31 17:34:13,2026-06-15 16:37:12
799,728,Feature Request,Low,Open,2025-05-16 11:57:15,2025-07-24 18:01:29
800,211,Feature Request,Medium,Closed,2026-01-18 09:37:20,2026-04-07 08:05:25
