user_id,full_name,email,signup_date,country,device_type,subscription_plan,account_status
1,Melissa Parker,ushaw@example.org,2025-12-14,UK,Desktop,Premium,Active
2,Allison Green,johnchristensen@example.com,2025-01-31,Australia,Desktop,Premium,Inactive
3,Pamela Lewis,thomaspotter@example.org,2026-03-22,India,Desktop,Free,Inactive
4,Danielle Kirby,chunglisa@example.org,2025-01-05,Australia,Desktop,Pro,Inactive
5,Marissa Erickson,williamolson@example.org,2025-07-13,Australia,Tablet,Premium,Active
6,Erika Owens,fbrooks@example.org,2025-01-05,UK,Mobile,Pro,Inactive
7,Gabriel Calderon,vargasbenjamin@example.net,2025-12-20,Canada,Mobile,Pro,Active
8,Kevin Goodman,dwarner@example.net,2026-01-30,Canada,Desktop,Premium,Active
9,Michelle Gaines,seancampbell@example.org,2024-07-29,USA,Mobile,Pro,Active
10,Ernest Smith,ericawilson@example.net,2025-01-20,India,Desktop,Premium,Active
11,Edward Palmer,margaretbaker@example.net,2025-01-02,Canada,Mobile,Pro,Inactive
12,Alexis Watkins,villarrealwhitney@example.net,2024-08-16,Germany,Desktop,Premium,Inactive
13,Sarah Ortiz,kroberts@example.net,2026-03-03,UK,Tablet,Free,Active
14,Ryan Taylor,chayes@example.net,2026-01-07,USA,Desktop,Pro,Inactive
15,Helen Klein,elizabeth48@example.org,2025-04-28,India,Tablet,Free,Inactive
16,James Christensen,mindy52@example.com,2025-05-05,Canada,Mobile,Free,Active
17,Stacy Evans,plamb@example.net,2026-04-30,UK,Mobile,Premium,Inactive
18,Brenda Shaw,ysalinas@example.net,2025-05-17,USA,Tablet,Premium,Active
19,Neil Garcia,travis25@example.com,2025-03-22,India,Desktop,Free,Inactive
20,Kenneth Lowe,michelleharvey@example.net,2025-10-01,Canada,Desktop,Free,Active
21,Kathryn Mccall,jimmy54@example.com,2024-07-20,Canada,Mobile,Pro,Active
22,Dana Kerr,gary25@example.org,2025-08-19,Australia,Mobile,Free,Inactive
23,Lisa Walker,richardfisher@example.com,2025-12-27,Australia,Tablet,Premium,Active
24,Erin Todd,trevor18@example.net,2025-06-25,USA,Mobile,Free,Inactive
25,Juan Morgan,egutierrez@example.org,2025-01-21,Germany,Tablet,Free,Active
26,Andrea Skinner,byu@example.org,2025-12-12,UK,Mobile,Pro,Inactive
27,John Becker,davidgreen@example.com,2024-10-09,UK,Mobile,Premium,Active
28,Casey Taylor,lbrown@example.org,2026-05-23,USA,Tablet,Free,Active
29,Gregory Schaefer,martinezmelissa@example.com,2026-04-30,India,Mobile,Free,Inactive
30,Stephanie Lopez,owenmichelle@example.net,2025-03-04,USA,Desktop,Pro,Inactive
31,William Flores,melissa69@example.org,2026-07-03,Australia,Tablet,Pro,Inactive
32,Robert Watson,hjones@example.org,2026-02-09,Canada,Desktop,Premium,Active
33,Sarah Watson,sharpjohn@example.com,2026-06-25,Australia,Mobile,Premium,Inactive
34,Dale Gill,johnberry@example.com,2026-01-20,Australia,Tablet,Premium,Inactive
35,Morgan Miller,jeffrey81@example.com,2024-09-15,Germany,Mobile,Free,Inactive
36,Brandon Mccarthy,taylornathan@example.net,2024-10-17,India,Tablet,Free,Inactive
37,Samuel Henry,colleenmartin@example.org,2025-12-12,India,Mobile,Premium,Active
38,Felicia Estrada,joshuaallen@example.com,2025-03-17,UK,Tablet,Free,Active
39,Stephen White,vmaxwell@example.com,2026-01-06,Germany,Desktop,Pro,Active
40,Christopher Trujillo,michael76@example.org,2025-08-31,Australia,Tablet,Premium,Active
41,Sergio Johnson,jennifercarlson@example.com,2024-10-18,Germany,Mobile,Pro,Inactive
42,Robert Green,johnsonmarie@example.org,2025-04-02,Canada,Desktop,Premium,Active
43,Mary Patel,christopher65@example.org,2025-10-31,India,Desktop,Pro,Active
44,Lisa Hensley,alexanderfoster@example.net,2025-11-17,Australia,Mobile,Pro,Active
45,Margaret Brown,matthew94@example.org,2025-11-03,UK,Desktop,Free,Active
46,Ashley Cole,hcarpenter@example.org,2026-01-08,India,Tablet,Pro,Inactive
47,Eric Colon,bvance@example.net,2026-05-29,Germany,Desktop,Free,Active
48,Paula Myers,smithjoseph@example.org,2024-10-13,India,Desktop,Pro,Inactive
49,Deborah Gilmore,julianowens@example.net,2024-12-30,Canada,Desktop,Pro,Inactive
50,Jason Martin,qbradley@example.com,2025-09-06,USA,Desktop,Free,Inactive
51,Marilyn Stone,dannywhitehead@example.org,2024-11-12,Canada,Mobile,Free,Active
52,Nicole Sullivan,jordanmelissa@example.org,2025-11-17,Canada,Mobile,Premium,Inactive
53,Stephen Little,dmorgan@example.com,2024-11-08,Germany,Mobile,Free,Inactive
54,Courtney Hampton,vnewman@example.com,2026-03-22,Australia,Mobile,Free,Active
55,Robert Franklin,justin68@example.net,2024-12-27,Australia,Tablet,Premium,Inactive
56,Donald Robinson,crystal27@example.com,2026-02-26,Canada,Desktop,Pro,Active
57,Ann Bennett,fisherrobert@example.net,2025-01-23,Australia,Desktop,Pro,Active
58,Debra Mcfarland,jacobgibson@example.org,2024-11-18,Australia,Mobile,Pro,Inactive
59,Tracy Nichols,nmartinez@example.org,2025-06-24,India,Tablet,Free,Active
60,Walter Mcmillan,kristinawilson@example.net,2024-07-22,USA,Desktop,Free,Active
61,Lauren Clark,ryanavila@example.net,2026-04-16,Canada,Mobile,Pro,Inactive
62,Tammy Ross,patricia06@example.net,2025-11-26,Canada,Desktop,Premium,Inactive
63,Eric Reid,njohnson@example.net,2025-09-20,USA,Tablet,Pro,Inactive
64,Joseph Hicks,hollandangela@example.org,2025-05-27,USA,Mobile,Pro,Active
65,Theresa Robinson,turnerjames@example.net,2025-06-28,USA,Desktop,Free,Active
66,Kathleen Romero,thorntonkenneth@example.net,2024-10-07,India,Mobile,Premium,Inactive
67,Ashley Bean,nmata@example.org,2025-11-11,UK,Tablet,Premium,Active
68,Joanne Ramirez,jerryford@example.net,2025-10-03,UK,Desktop,Pro,Active
69,Shawn Williams,blakemorris@example.com,2024-11-07,UK,Tablet,Pro,Inactive
70,Michelle Blake,heididavidson@example.org,2025-01-01,India,Mobile,Premium,Inactive
71,Alex Farrell,johnstone@example.com,2025-02-09,India,Mobile,Pro,Inactive
72,Seth Harris,larry96@example.org,2025-05-15,Germany,Mobile,Pro,Active
73,Brenda Stone,adam12@example.org,2025-04-03,UK,Mobile,Pro,Active
74,Vanessa Banks,zballard@example.org,2026-01-10,UK,Mobile,Pro,Active
75,April Campbell MD,tlawson@example.org,2025-08-14,Canada,Tablet,Free,Inactive
76,Matthew Nguyen,heather77@example.com,2026-05-09,UK,Desktop,Pro,Active
77,Mark Hubbard,susan82@example.net,2024-08-18,UK,Tablet,Free,Active
78,Laura Cook,josepeters@example.com,2025-07-22,Germany,Tablet,Premium,Inactive
79,Ann Mccoy,huynhjeffrey@example.com,2026-06-07,Canada,Tablet,Pro,Inactive
80,Brian Kaufman,wramirez@example.com,2026-01-17,UK,Tablet,Premium,Inactive
81,Dorothy Bean,linda41@example.net,2025-07-03,Germany,Tablet,Pro,Inactive
82,Dennis Schultz,antoniomoore@example.org,2025-01-04,India,Mobile,Premium,Active
83,Douglas Morales,daniel24@example.com,2025-08-26,Australia,Desktop,Free,Active
84,Larry Nguyen DDS,joycesean@example.org,2025-08-04,UK,Tablet,Pro,Active
85,David Davis,anita55@example.org,2025-09-17,USA,Tablet,Premium,Active
86,Emily Edwards,collinsmichelle@example.com,2024-12-11,UK,Desktop,Premium,Inactive
87,Jessica Woods,karen40@example.net,2025-03-02,UK,Mobile,Free,Active
88,Eric Hill,delacruzhannah@example.net,2025-05-08,Australia,Desktop,Free,Active
89,Debra West,rodriguezashley@example.net,2025-04-03,Canada,Mobile,Premium,Inactive
90,Benjamin Padilla,aaron86@example.org,2024-11-18,Australia,Mobile,Free,Inactive
91,April Fitzgerald,reynoldsjacob@example.com,2025-03-11,Canada,Tablet,Pro,Inactive
92,Jamie Andrews,kimberlysnyder@example.com,2025-09-11,USA,Mobile,Premium,Inactive
93,Rachel Zhang,scott49@example.com,2024-08-28,Canada,Tablet,Pro,Active
94,Kim Hart,jessicarodriguez@example.com,2025-09-23,USA,Mobile,Free,Active
95,Melissa Murphy,jlamb@example.org,2026-02-18,India,Mobile,Pro,Inactive
96,Joshua Roth,dustin17@example.org,2024-08-11,Australia,Mobile,Premium,Inactive
97,Teresa Crawford,juliawright@example.org,2024-11-22,Australia,Desktop,Pro,Active
98,Veronica Burton,stacy79@example.com,2026-02-10,UK,Desktop,Free,Active
99,Melody Clark,douglas77@example.com,2024-12-07,UK,Mobile,Premium,Active
100,Rebecca Stewart,jamesmaynard@example.com,2024-08-15,Australia,Desktop,Premium,Active
101,Rodney Palmer,christopherarmstrong@example.org,2025-12-28,Germany,Mobile,Free,Inactive
102,Steven Alvarez,shaunsolis@example.com,2024-12-26,Canada,Tablet,Premium,Inactive
103,Jennifer Thomas MD,heather12@example.org,2025-03-31,UK,Mobile,Premium,Inactive
104,Ruben Thompson,lynnshepard@example.com,2025-07-21,USA,Desktop,Premium,Inactive
105,Ruben Reynolds,jacobnelson@example.net,2025-07-13,Germany,Mobile,Free,Inactive
106,Samantha Walker,danaphillips@example.com,2024-08-19,Canada,Tablet,Free,Inactive
107,Pamela Johnson,michelleward@example.org,2025-05-22,India,Desktop,Pro,Inactive
108,Jeffrey Warren,lisa16@example.com,2024-09-12,Canada,Desktop,Pro,Active
109,Brittany White,lflynn@example.com,2025-06-17,Canada,Tablet,Free,Inactive
110,Ann Williams,jacob13@example.net,2025-09-17,Canada,Mobile,Premium,Active
111,Derrick Brown,milleramy@example.org,2024-10-08,Germany,Tablet,Premium,Inactive
112,Kyle Fry,alison04@example.com,2026-02-21,Germany,Tablet,Free,Inactive
113,Jessica Lin,castillomichelle@example.org,2024-08-12,Australia,Mobile,Pro,Active
114,John Hernandez,justindavis@example.org,2024-10-02,Australia,Desktop,Free,Inactive
115,Eileen Frazier,anthonyfaulkner@example.net,2025-08-20,Germany,Mobile,Pro,Active
116,Dana Parker,courtneypatterson@example.net,2026-02-07,USA,Mobile,Free,Active
117,Crystal Hill,charlene09@example.com,2024-07-09,USA,Mobile,Premium,Inactive
118,Sherry Greene,fbrennan@example.net,2026-02-10,India,Tablet,Premium,Active
119,Traci Alexander,lauraruiz@example.com,2025-06-18,Australia,Mobile,Free,Inactive
120,Mary Fisher,ybridges@example.net,2024-09-25,Canada,Mobile,Free,Active
121,Jay Harper,qwoods@example.org,2026-04-22,USA,Tablet,Pro,Active
122,David Morgan,emckee@example.com,2025-10-27,USA,Desktop,Pro,Inactive
123,Heather Mccann,geraldscott@example.com,2024-11-19,Australia,Desktop,Premium,Active
124,Joe Cain,williamduncan@example.org,2024-10-08,Canada,Desktop,Free,Active
125,Emily Phillips,henrymicheal@example.net,2026-01-30,Australia,Desktop,Premium,Inactive
126,Derek Boone,gregory90@example.com,2026-04-20,UK,Mobile,Premium,Inactive
127,Natalie Robinson,cynthiarussell@example.org,2024-09-01,Germany,Mobile,Pro,Active
128,Kristen Thomas,davilalisa@example.com,2025-10-29,UK,Mobile,Premium,Active
129,Jason Delgado,richard10@example.org,2025-11-21,Canada,Tablet,Pro,Active
130,Michelle Fox,ashley23@example.com,2024-12-21,UK,Tablet,Free,Active
131,Rachel Williamson,michael50@example.org,2025-06-27,Canada,Desktop,Premium,Active
132,Stephanie Gonzalez,jason69@example.org,2024-08-12,Canada,Mobile,Premium,Inactive
133,Christopher Lee,silvaphillip@example.org,2025-10-12,India,Mobile,Free,Active
134,April Rodriguez,jeffrey72@example.com,2026-03-23,India,Desktop,Premium,Inactive
135,Bryce Lee,debbierobertson@example.com,2025-03-18,Germany,Tablet,Free,Inactive
136,Douglas Watson,ortizmatthew@example.org,2025-02-07,Canada,Mobile,Free,Active
137,Brittany White,cynthia77@example.com,2025-11-08,USA,Mobile,Pro,Inactive
138,Sarah Cain,james53@example.org,2025-11-27,USA,Desktop,Free,Inactive
139,Elizabeth Young,andrealewis@example.org,2026-04-08,Australia,Mobile,Premium,Inactive
140,Alan Jenkins,brandylewis@example.net,2025-04-22,USA,Desktop,Pro,Active
141,Stephanie Warren,kurtlopez@example.com,2025-10-18,India,Tablet,Free,Inactive
142,Cory Brown,adam52@example.net,2024-11-22,USA,Tablet,Pro,Active
143,Matthew Mora,derek29@example.com,2024-12-02,Australia,Desktop,Pro,Inactive
144,Tracy Gutierrez,mbishop@example.com,2025-10-28,Germany,Tablet,Premium,Active
145,Diana Young,emilycameron@example.net,2025-08-04,Canada,Desktop,Premium,Inactive
146,Benjamin Palmer,ethan07@example.com,2026-04-27,USA,Desktop,Free,Active
147,Maria Garcia,berrybrandon@example.org,2024-11-25,Australia,Tablet,Premium,Active
148,Christopher Marks,katelyn84@example.com,2025-04-16,India,Mobile,Pro,Active
149,Sandra Li,terry15@example.net,2026-03-27,Canada,Tablet,Free,Active
150,Chelsea Stokes,tonysmith@example.com,2024-09-05,Canada,Tablet,Premium,Active
151,Donald Scott,lovetamara@example.com,2024-08-03,Canada,Tablet,Free,Active
152,Kenneth Valencia,zparker@example.com,2025-05-19,UK,Tablet,Premium,Active
153,Todd Welch,bellrobert@example.net,2024-11-05,UK,Mobile,Pro,Active
154,Rodney Gonzalez,pfrank@example.org,2025-05-16,Australia,Desktop,Premium,Active
155,Paul Thomas,petersshelby@example.com,2026-05-04,USA,Desktop,Premium,Inactive
156,Debra Murray,marthaortiz@example.net,2025-05-25,Germany,Tablet,Pro,Inactive
157,Matthew Holland,sbennett@example.org,2025-05-02,Australia,Mobile,Premium,Active
158,Kevin Mcintosh,kpowers@example.net,2025-12-11,UK,Tablet,Premium,Inactive
159,Samuel Diaz,justinbowers@example.net,2025-06-17,Canada,Mobile,Premium,Active
160,Jessica Clarke,hawkinssheri@example.org,2025-11-05,Germany,Tablet,Pro,Inactive
161,Melissa Powell,jeffreymorris@example.com,2025-06-27,Canada,Mobile,Pro,Inactive
162,Michelle Clark,fsullivan@example.com,2025-05-24,UK,Mobile,Free,Inactive
163,Melissa Rivers,abarber@example.org,2024-10-05,Canada,Mobile,Pro,Active
164,Joshua Rollins,francisco92@example.net,2025-12-01,India,Desktop,Free,Inactive
165,John Hooper,curtisthompson@example.com,2024-11-17,India,Desktop,Premium,Inactive
166,Kimberly Fisher,martinezjennifer@example.net,2025-10-06,Germany,Mobile,Premium,Inactive
167,Richard Peterson,gjohnson@example.net,2024-11-20,India,Tablet,Premium,Inactive
168,Jennifer Rodriguez,kwashington@example.com,2024-12-06,UK,Mobile,Premium,Active
169,Mark Austin,vancejoshua@example.net,2026-07-05,USA,Tablet,Free,Inactive
170,Wendy Rivera,bbates@example.org,2025-09-26,Germany,Desktop,Premium,Inactive
171,James Kelley,gcurtis@example.net,2026-02-10,Germany,Tablet,Premium,Active
172,Thomas Thompson,deborah96@example.com,2025-01-04,Germany,Mobile,Premium,Active
173,Pamela Ball,heather58@example.org,2026-05-21,India,Mobile,Premium,Inactive
174,Evan Walker,evanssean@example.com,2024-10-29,Canada,Desktop,Free,Inactive
175,Harold Knox,jennifermccarthy@example.org,2025-04-18,USA,Mobile,Free,Active
176,Logan Cruz,ecaldwell@example.com,2024-07-09,UK,Mobile,Pro,Active
177,Alexander Day,morrisryan@example.net,2025-06-06,USA,Mobile,Free,Active
178,Patricia Taylor,kelseymoore@example.com,2025-07-25,USA,Tablet,Premium,Active
179,Cody Reed,oshelton@example.com,2025-11-28,Germany,Tablet,Free,Inactive
180,Jeff Santiago,garciajennifer@example.com,2026-02-02,India,Desktop,Free,Inactive
181,Mark Carpenter,nskinner@example.net,2025-04-28,UK,Desktop,Premium,Active
182,Megan Santiago,desiree63@example.com,2024-08-31,India,Mobile,Premium,Inactive
183,Amy Lopez,ayalalarry@example.net,2025-11-06,UK,Desktop,Pro,Active
184,Samuel Watson,pdunn@example.com,2026-03-01,Canada,Mobile,Premium,Inactive
185,Larry Frazier,tmorris@example.com,2026-02-04,Germany,Desktop,Free,Active
186,Tyler Becker,walshnatasha@example.com,2025-05-08,Germany,Desktop,Free,Inactive
187,Michael Todd,mikesmith@example.com,2026-03-22,India,Desktop,Free,Active
188,Sharon Mejia,johnsonjulia@example.com,2025-03-17,USA,Mobile,Free,Active
189,William Hull,vduarte@example.net,2025-05-24,Australia,Desktop,Pro,Inactive
190,Lynn Parker,michelleford@example.org,2026-02-07,Australia,Tablet,Free,Inactive
191,Connie Ruiz,hernandezkatie@example.net,2026-02-27,Canada,Desktop,Pro,Inactive
192,Elizabeth Harris,jonathan28@example.com,2026-07-04,Australia,Tablet,Pro,Active
193,Margaret Morris,sarahdavis@example.org,2024-12-07,Canada,Desktop,Pro,Active
194,Patrick Lopez,cherylfields@example.net,2025-07-31,Germany,Mobile,Premium,Active
195,Jennifer Guerra,nmcguire@example.com,2025-10-28,Australia,Desktop,Pro,Active
196,Lauren Jones,mirandasandoval@example.org,2026-05-29,USA,Desktop,Free,Active
197,Kyle Zavala PhD,rhonda05@example.net,2025-04-16,Australia,Tablet,Premium,Inactive
198,Krystal Gonzalez,anthonyhoward@example.com,2026-02-16,Germany,Mobile,Free,Inactive
199,Amanda Payne,janejohnston@example.net,2026-03-13,Canada,Tablet,Free,Active
200,Thomas Hines,anna20@example.net,2026-06-23,Canada,Desktop,Premium,Inactive
201,Kendra Rice,brenda40@example.net,2025-11-25,UK,Tablet,Pro,Inactive
202,Timothy Simmons,rodneycraig@example.org,2026-02-20,India,Mobile,Pro,Active
203,Tammy Hensley,scott26@example.com,2025-12-29,Canada,Mobile,Premium,Inactive
204,Jack Harris,emilymcdowell@example.com,2025-08-09,Canada,Mobile,Free,Inactive
205,Kimberly Lawson,keithrogers@example.net,2025-02-06,UK,Tablet,Free,Active
206,Anna Pratt,joseph63@example.net,2025-02-16,Canada,Desktop,Premium,Active
207,Julia Nichols,uhines@example.com,2024-10-31,UK,Mobile,Premium,Active
208,Anthony Weaver,justinbenton@example.net,2025-10-12,UK,Mobile,Free,Inactive
209,Renee Castaneda,chad60@example.org,2025-05-17,Canada,Mobile,Free,Active
210,Amy Yates,zstevens@example.com,2025-11-01,USA,Mobile,Pro,Active
211,Mark Peters,ojackson@example.com,2025-02-19,Canada,Tablet,Pro,Inactive
212,Patrick Patel,odiaz@example.net,2026-01-09,India,Desktop,Pro,Inactive
213,Jeffrey Larson,jayporter@example.net,2025-08-17,USA,Mobile,Premium,Inactive
214,Mario Smith,normansherry@example.net,2026-03-24,USA,Desktop,Pro,Active
215,Nicholas Mendez,wilsonwilliam@example.com,2025-09-24,India,Desktop,Free,Active
216,Dennis Baker,stephaniephillips@example.com,2026-06-09,Germany,Desktop,Pro,Inactive
217,Mark Wells,heather47@example.net,2025-01-23,USA,Tablet,Pro,Active
218,Patricia Ford,lauren62@example.org,2026-03-24,India,Tablet,Pro,Active
219,Brittany Fowler,tclark@example.net,2025-09-17,India,Tablet,Free,Inactive
220,Michael Soto,angela65@example.org,2024-11-05,India,Tablet,Pro,Inactive
221,Ariel Bonilla,melissanewman@example.org,2024-12-03,Australia,Mobile,Premium,Inactive
222,Derek Armstrong,mmendez@example.net,2025-08-30,USA,Desktop,Free,Active
223,Kevin Hunter,jamescarney@example.com,2024-07-05,USA,Tablet,Premium,Active
224,Barbara Green,xfloyd@example.net,2024-10-13,Germany,Tablet,Premium,Inactive
225,Judy Thomas,jamesmitchell@example.com,2025-02-15,India,Desktop,Pro,Inactive
226,Amy Salinas,lopezlatoya@example.org,2024-10-23,USA,Desktop,Pro,Inactive
227,Diane Wade,steeleandrew@example.net,2024-12-13,Canada,Mobile,Free,Inactive
228,Kelly Peterson,anna37@example.com,2024-08-30,Australia,Tablet,Premium,Inactive
229,Kathleen Sawyer,charlesshaw@example.net,2024-08-19,Australia,Desktop,Pro,Active
230,Samantha Schmidt,donnawoods@example.net,2024-10-23,Australia,Mobile,Pro,Inactive
231,Jennifer Fowler,petersonsandra@example.org,2025-05-16,Australia,Mobile,Free,Inactive
232,Brittany Clayton,millsmary@example.org,2026-06-11,USA,Desktop,Premium,Inactive
233,Donald Obrien,ywolfe@example.com,2024-07-27,Australia,Mobile,Free,Active
234,John Knight,esanchez@example.net,2024-12-19,USA,Mobile,Premium,Inactive
235,Megan Pope,mendezjose@example.net,2024-11-21,Germany,Desktop,Free,Inactive
236,Kyle Walker,ibrown@example.org,2025-12-13,India,Tablet,Free,Inactive
237,Brittany Hull,amandaanderson@example.org,2025-09-22,India,Tablet,Free,Inactive
238,Stephen Brown,nataliemahoney@example.net,2026-03-28,Australia,Mobile,Pro,Inactive
239,Christopher Torres,jdixon@example.org,2025-08-22,India,Mobile,Premium,Inactive
240,Julia Montoya,kristin79@example.org,2025-11-29,India,Tablet,Free,Inactive
241,David Simpson,tonyharrington@example.net,2026-03-17,USA,Tablet,Pro,Inactive
242,Maria Mccarthy,bsolomon@example.com,2026-04-19,USA,Mobile,Pro,Inactive
243,Jeffrey Gibson,sandra91@example.org,2025-05-14,USA,Mobile,Free,Inactive
244,Steven Thomas,tiffanyhardy@example.org,2026-04-28,USA,Mobile,Premium,Active
245,Bryce Gibson,dprince@example.com,2025-08-04,Canada,Desktop,Premium,Inactive
246,Carol White,thomassanchez@example.com,2026-06-10,Canada,Desktop,Premium,Inactive
247,Stephanie Ramirez,joseph21@example.net,2026-01-10,USA,Mobile,Premium,Inactive
248,Tyrone Parks,robert19@example.org,2024-08-18,UK,Desktop,Pro,Inactive
249,Christopher Bean,tgarcia@example.org,2024-07-22,USA,Desktop,Pro,Inactive
250,Jennifer Morrison,hhatfield@example.com,2025-07-01,UK,Tablet,Free,Active
251,Karen Christensen,umendez@example.com,2025-12-05,Germany,Desktop,Pro,Inactive
252,Thomas Woods,miguelcooper@example.net,2025-09-27,India,Tablet,Pro,Active
253,Stephanie Moses,fosterdaniel@example.com,2025-04-10,Germany,Mobile,Free,Active
254,Philip Garcia,veronica04@example.org,2026-04-04,UK,Tablet,Free,Inactive
255,Kirsten Davis,thill@example.net,2025-05-05,UK,Tablet,Pro,Active
256,Deborah Wood,mwright@example.com,2026-04-30,Australia,Tablet,Premium,Active
257,Brian Irwin MD,kellicohen@example.net,2025-11-07,India,Tablet,Pro,Active
258,Victor Dixon,moorestacey@example.org,2024-11-21,India,Mobile,Free,Active
259,Jeremy Frazier,kellymichael@example.org,2025-12-27,India,Tablet,Premium,Inactive
260,James Blake,blopez@example.net,2026-03-27,USA,Tablet,Pro,Inactive
261,Deborah Harrington,anitacortez@example.com,2024-10-23,UK,Tablet,Pro,Active
262,George Riley,colemanalicia@example.com,2026-05-04,UK,Mobile,Premium,Active
263,Eduardo Hughes,abruce@example.com,2025-10-18,Australia,Tablet,Premium,Active
264,Crystal Perry,laurahahn@example.org,2026-02-14,UK,Mobile,Premium,Active
265,Keith Wade,jamesmacias@example.net,2024-11-23,India,Mobile,Premium,Active
266,Timothy Jimenez,msimon@example.com,2025-04-06,Canada,Mobile,Free,Active
267,Francisco Sheppard,millerjocelyn@example.net,2025-09-10,Australia,Tablet,Pro,Active
268,Tammy Baker,rclements@example.com,2025-09-24,Australia,Tablet,Pro,Inactive
269,Michael Hensley,joseali@example.com,2025-07-26,Canada,Tablet,Free,Active
270,Ashley Hansen,hudsonsharon@example.org,2025-12-17,UK,Mobile,Pro,Inactive
271,William Gallagher,phahn@example.net,2026-06-06,Australia,Mobile,Premium,Active
272,Mark Eaton,teresacarroll@example.net,2025-09-25,Australia,Desktop,Free,Inactive
273,Kaylee Anderson,amyhall@example.net,2025-11-10,Australia,Desktop,Free,Inactive
274,Steve Whitehead,jessica94@example.net,2026-03-06,USA,Desktop,Free,Active
275,Sean Jenkins,fbarnett@example.net,2026-03-11,India,Desktop,Premium,Inactive
276,Angela Watts,hesslisa@example.com,2025-01-15,Australia,Mobile,Pro,Active
277,Debra Evans,bishopscott@example.net,2026-06-04,India,Mobile,Pro,Active
278,Karen Bartlett,elizabeth06@example.net,2025-06-06,USA,Tablet,Free,Inactive
279,George Price,edwardsmonica@example.org,2026-01-24,Australia,Tablet,Premium,Inactive
280,David Elliott,staceysmith@example.net,2024-08-14,USA,Mobile,Premium,Active
281,Tracy Lopez,cbennett@example.org,2024-10-04,Australia,Tablet,Free,Active
282,Jenna Bowman,andersoncynthia@example.com,2024-11-27,UK,Tablet,Free,Inactive
283,Christina Pierce,kendra45@example.org,2025-09-08,Canada,Desktop,Pro,Inactive
284,Juan Gonzalez,jwhite@example.com,2026-05-03,India,Desktop,Pro,Active
285,Justin Baker,melissanorris@example.net,2025-08-29,UK,Mobile,Pro,Inactive
286,Christine Davis,samantha54@example.org,2026-02-24,Australia,Desktop,Free,Inactive
287,Gregory Castro,colleenhopkins@example.com,2025-09-20,Australia,Desktop,Free,Active
288,Nathaniel Acosta,travis30@example.net,2026-04-15,Canada,Tablet,Free,Active
289,Sydney Walsh,esmith@example.net,2025-11-17,UK,Tablet,Free,Active
290,Richard Howell,mccormickdavid@example.org,2025-07-31,Germany,Tablet,Free,Inactive
291,Rhonda Coffey,rhonda78@example.net,2026-01-30,Australia,Mobile,Premium,Active
292,David Pugh,aaron76@example.com,2024-11-28,Australia,Tablet,Premium,Active
293,Jordan Mccoy,madison22@example.org,2025-07-07,Germany,Tablet,Free,Inactive
294,Michael Jones,wilsonjohn@example.net,2025-04-05,UK,Tablet,Pro,Active
295,Samuel Newman,benjaminmccall@example.org,2026-05-10,Canada,Desktop,Free,Active
296,Evan Davis,jeremiah32@example.org,2024-09-28,Australia,Mobile,Pro,Active
297,Donna Campbell,stephaniesoto@example.org,2026-06-22,UK,Desktop,Premium,Active
298,Randy Ponce,robert27@example.org,2026-05-15,Australia,Desktop,Free,Active
299,Jason Bowen,daniel70@example.com,2025-09-16,USA,Tablet,Pro,Inactive
300,Jonathon King,jreese@example.net,2025-01-13,Canada,Mobile,Premium,Active
301,Alyssa Miller,maryhill@example.net,2024-10-06,Germany,Desktop,Pro,Inactive
302,Mackenzie Carr,jeffreybarnes@example.com,2026-03-15,Germany,Tablet,Premium,Active
303,Amanda Gomez,christinelyons@example.com,2025-06-14,India,Tablet,Pro,Active
304,Barbara Jones,jroman@example.net,2026-02-07,UK,Desktop,Premium,Active
305,James Thompson,donaldfleming@example.net,2024-09-02,UK,Desktop,Pro,Active
306,Alisha Mathews,donna77@example.org,2026-01-07,Australia,Mobile,Pro,Inactive
307,Robert King,daniel43@example.net,2024-08-22,India,Mobile,Premium,Active
308,Amy West,rebeccagriffin@example.net,2026-04-25,UK,Desktop,Pro,Inactive
309,Jose Irwin,waterslori@example.net,2025-10-16,India,Tablet,Pro,Active
310,Marissa Coleman,zhall@example.net,2025-07-11,USA,Desktop,Pro,Inactive
311,Alyssa George,harrisonjohn@example.org,2024-07-28,USA,Tablet,Premium,Active
312,Meghan Klein,heathergraves@example.net,2024-12-15,USA,Mobile,Premium,Inactive
313,Edward Johnson,arichardson@example.org,2025-03-27,India,Desktop,Pro,Active
314,Kimberly Larson,kgibbs@example.com,2024-10-14,Australia,Mobile,Premium,Inactive
315,Crystal Jarvis,jeffreycastillo@example.org,2026-06-09,Australia,Tablet,Pro,Inactive
316,Brittany Monroe,taylorheather@example.com,2025-08-08,Australia,Tablet,Pro,Active
317,Robert Becker,aaronferguson@example.org,2026-02-17,Canada,Desktop,Free,Active
318,Brandon Kelly,ryan01@example.com,2026-06-21,Australia,Desktop,Pro,Active
319,Adam Scott,sarahburke@example.net,2025-12-12,Germany,Desktop,Pro,Active
320,Chad Dalton,carrie47@example.net,2024-10-17,UK,Desktop,Pro,Inactive
321,Michael Gilbert,stephenthomas@example.org,2025-11-01,India,Mobile,Premium,Inactive
322,Denise Leonard,justin16@example.org,2025-05-14,Germany,Tablet,Premium,Inactive
323,Melissa Williams,gilmorerachael@example.net,2026-06-07,UK,Tablet,Free,Inactive
324,Christian Robinson,ashleyramsey@example.com,2025-10-15,India,Desktop,Free,Inactive
325,Eric Ball,uwilliams@example.net,2026-06-04,India,Mobile,Premium,Active
326,Lauren Richardson,zwilson@example.net,2026-06-26,UK,Tablet,Free,Active
327,Jennifer Davis,sarah89@example.net,2026-03-31,India,Tablet,Free,Inactive
328,Colleen Clark,ustephenson@example.org,2025-06-18,UK,Tablet,Premium,Inactive
329,Randy Richardson,millercatherine@example.com,2024-11-21,UK,Desktop,Premium,Active
330,Alejandra Jacobs,gonzalezkim@example.org,2026-03-03,Canada,Desktop,Premium,Active
331,Travis Abbott,sgarza@example.net,2025-11-25,Germany,Mobile,Free,Inactive
332,Jennifer Greer,iblevins@example.org,2025-06-11,Canada,Tablet,Pro,Active
333,Wendy Logan,imayo@example.com,2025-07-07,Australia,Tablet,Free,Inactive
334,Nicole Watson,uboyle@example.com,2026-06-16,Canada,Tablet,Free,Inactive
335,Tanya Williams,stewartlaura@example.net,2025-07-31,USA,Tablet,Free,Active
336,Ms. Kayla Wilson,hbooth@example.net,2025-08-05,Germany,Tablet,Free,Inactive
337,Kathryn Herring,whitecheryl@example.org,2024-07-10,USA,Desktop,Premium,Active
338,Christian Watson,kimabigail@example.com,2025-03-18,Canada,Mobile,Pro,Inactive
339,Jason Hawkins,ckim@example.net,2026-02-24,Australia,Mobile,Free,Inactive
340,Jessica Ortiz,williamyoung@example.com,2025-03-19,USA,Desktop,Pro,Inactive
341,John Donaldson,ortizdarryl@example.com,2026-04-05,India,Tablet,Pro,Inactive
342,Cheyenne Harris,kathryncarson@example.com,2024-10-06,USA,Desktop,Pro,Inactive
343,Brittany Dyer,heather07@example.net,2026-03-13,USA,Desktop,Premium,Active
344,Brian Jones,christopher47@example.org,2026-05-24,Canada,Mobile,Free,Inactive
345,Leslie Golden,destiny61@example.net,2025-12-13,India,Mobile,Free,Inactive
346,Steven Vasquez,garrettmartinez@example.net,2025-04-25,Germany,Mobile,Pro,Inactive
347,Brittany Scott,dylan07@example.com,2024-08-07,UK,Mobile,Free,Inactive
348,Alan Allen,clawson@example.com,2025-12-12,UK,Mobile,Premium,Active
349,Jason Bell,chadgreen@example.net,2026-02-24,UK,Desktop,Pro,Active
350,Dustin Morris,danielewing@example.net,2024-08-25,USA,Mobile,Premium,Inactive
351,Jessica Rodriguez,abishop@example.org,2024-11-21,USA,Desktop,Free,Active
352,Maria Sloan,mooreamanda@example.org,2025-08-30,USA,Mobile,Free,Inactive
353,Harry Parker,kylehunt@example.com,2026-05-17,USA,Tablet,Premium,Active
354,Kurt Cline,testrada@example.net,2025-09-26,UK,Desktop,Pro,Inactive
355,Crystal Rangel,jburton@example.com,2024-11-18,Germany,Mobile,Pro,Inactive
356,Angela Dodson,brianscott@example.net,2025-03-03,Australia,Tablet,Free,Active
357,Jordan Williams,pdrake@example.net,2025-07-06,USA,Desktop,Free,Inactive
358,Ronald Gonzalez,harrellpatricia@example.org,2026-02-07,UK,Tablet,Pro,Inactive
359,Amanda Wagner DDS,mcconnelljeremy@example.net,2025-10-21,Australia,Mobile,Free,Inactive
360,Tina Collins,turneralisha@example.com,2026-02-08,India,Mobile,Premium,Active
361,Robert Webster,james34@example.net,2025-04-12,UK,Desktop,Free,Inactive
362,Ashley Blake DVM,timothy29@example.com,2025-04-14,Canada,Tablet,Free,Inactive
363,Micheal Rodriguez,ronnie90@example.org,2024-07-19,India,Tablet,Premium,Active
364,Krista Ruiz,johncombs@example.com,2024-12-28,Germany,Tablet,Pro,Inactive
365,Richard Hurst,josephvaldez@example.net,2026-02-17,Germany,Tablet,Pro,Inactive
366,Katie Golden,donnagarcia@example.org,2026-06-19,Australia,Mobile,Premium,Inactive
367,David Saunders,ashleymiranda@example.net,2026-06-07,USA,Tablet,Premium,Inactive
368,Deborah Dalton,lfoster@example.com,2025-11-17,Canada,Mobile,Premium,Active
369,Benjamin Wheeler,kjohnson@example.net,2026-04-29,Australia,Tablet,Premium,Active
370,Robert Klein,amandaadams@example.net,2024-07-19,Australia,Mobile,Free,Inactive
371,Emma Hamilton,tosborne@example.org,2025-03-17,USA,Mobile,Free,Inactive
372,Christopher Jones II,parker31@example.net,2025-07-22,USA,Mobile,Free,Inactive
373,Kyle Reid,leonjonathan@example.com,2026-04-08,USA,Desktop,Pro,Active
374,Justin King,paul60@example.net,2026-06-21,Canada,Mobile,Premium,Inactive
375,Rebecca Ferguson,ymartinez@example.com,2025-10-17,UK,Mobile,Pro,Active
376,Abigail Anderson,trevinobrandon@example.org,2025-10-26,Canada,Mobile,Premium,Inactive
377,Katrina Ortiz,antoniotrevino@example.org,2025-12-13,UK,Desktop,Free,Active
378,Diane Oliver,amandawilliams@example.com,2026-01-22,Canada,Desktop,Free,Active
379,Karen Vaughan,daniel59@example.org,2026-03-23,Canada,Desktop,Premium,Active
380,Jennifer Morton,ilee@example.net,2026-05-10,India,Mobile,Premium,Inactive
381,Ashley Johnson,pamela54@example.net,2026-04-02,India,Mobile,Free,Inactive
382,Harry Lopez,gbrown@example.org,2025-04-04,Australia,Tablet,Pro,Inactive
383,Brett Moss,williamsbrian@example.org,2024-12-29,India,Desktop,Premium,Active
384,Matthew Butler,morrisonchristopher@example.org,2026-04-12,India,Tablet,Premium,Active
385,Cindy Arroyo,ioneal@example.net,2025-06-16,Australia,Desktop,Pro,Inactive
386,Jo Walters,robertstone@example.com,2025-04-21,UK,Desktop,Free,Active
387,Jennifer Manning,wnelson@example.org,2025-12-14,Australia,Mobile,Free,Active
388,Sherri Maldonado,udavis@example.net,2024-10-23,Australia,Mobile,Free,Active
389,Curtis Bell,michaelburke@example.org,2024-07-22,Australia,Tablet,Pro,Inactive
390,Jennifer Stewart,christianrichardson@example.com,2025-11-13,USA,Tablet,Pro,Inactive
391,Angela Richards,garyspencer@example.org,2026-02-04,UK,Tablet,Premium,Inactive
392,Tyrone Hall,crystalpham@example.net,2025-09-25,Canada,Tablet,Pro,Active
393,Diana Mckinney,robyn64@example.net,2025-10-01,UK,Mobile,Free,Active
394,Ronald Martinez,danielbrown@example.org,2025-01-10,Australia,Mobile,Premium,Active
395,Edwin Jones,anthony46@example.org,2025-06-14,UK,Mobile,Premium,Inactive
396,Lisa King,opetty@example.net,2024-12-06,Australia,Desktop,Pro,Active
397,Daniel Larson,craigvasquez@example.com,2025-02-06,UK,Desktop,Pro,Inactive
398,Michael Baldwin,aross@example.com,2024-07-06,UK,Desktop,Pro,Active
399,Chad Morton,andersonmary@example.net,2026-04-18,Australia,Tablet,Free,Active
400,Richard Yoder,timothychase@example.org,2024-09-05,UK,Desktop,Premium,Inactive
401,Daniel Rice,kristen04@example.net,2025-09-08,Canada,Desktop,Free,Inactive
402,Cheyenne Davis,cassiestewart@example.com,2024-09-28,UK,Mobile,Free,Active
403,Stacy Reynolds,fhall@example.net,2024-11-30,Canada,Desktop,Pro,Inactive
404,Thomas Vargas,kennethburnett@example.net,2025-04-10,India,Desktop,Free,Inactive
405,Robert Adams,mark91@example.net,2024-08-16,Australia,Desktop,Free,Inactive
406,Shawn Alexander,brucematthew@example.com,2026-06-25,India,Mobile,Premium,Active
407,David Oliver,stephanie74@example.net,2025-07-02,Canada,Desktop,Premium,Active
408,Mary Miller,hollywalker@example.com,2026-01-13,USA,Tablet,Pro,Inactive
409,Mary Flores,feverett@example.org,2024-12-23,UK,Mobile,Pro,Inactive
410,Mrs. Carolyn Reyes MD,guzmancandice@example.net,2025-10-24,Canada,Desktop,Premium,Active
411,Rebecca Hess,whernandez@example.net,2025-10-18,Australia,Mobile,Premium,Inactive
412,Kimberly Stevens,alexisjones@example.net,2026-06-22,UK,Tablet,Pro,Inactive
413,Natalie Holder,uperez@example.com,2024-12-26,Germany,Tablet,Free,Active
414,Edwin Hanna,trevor43@example.net,2025-09-14,Australia,Desktop,Free,Inactive
415,Jennifer Johnson,karen24@example.org,2024-07-19,India,Desktop,Premium,Active
416,Charles Kelly,aberg@example.com,2025-03-17,India,Desktop,Pro,Active
417,Daniel Wilson,tonyhunt@example.com,2025-03-19,Canada,Tablet,Premium,Inactive
418,John Liu,keithochoa@example.com,2025-09-01,UK,Mobile,Free,Inactive
419,Eric Scott,davidwright@example.org,2026-01-12,India,Desktop,Premium,Active
420,Christopher Wilson,calvinhill@example.com,2026-02-23,India,Desktop,Premium,Inactive
421,Christy Richards,zeaton@example.org,2025-06-04,India,Desktop,Free,Inactive
422,Joanna Martinez,ealexander@example.com,2024-08-12,India,Desktop,Pro,Inactive
423,James Mitchell,donald92@example.net,2025-06-09,India,Tablet,Pro,Inactive
424,Travis Tate,bryan57@example.net,2025-06-02,UK,Desktop,Premium,Inactive
425,Karen Jones,tiffany95@example.net,2026-02-21,USA,Desktop,Pro,Inactive
426,Susan Ali,pguzman@example.org,2025-04-15,Australia,Tablet,Free,Inactive
427,Erin Scott,wellscrystal@example.com,2026-06-11,UK,Mobile,Pro,Inactive
428,Melissa Shields,qparrish@example.com,2026-02-11,Australia,Tablet,Free,Active
429,Wesley Roberts,bakersuzanne@example.net,2025-08-05,Canada,Mobile,Pro,Active
430,Jennifer Pratt,cgreen@example.org,2025-10-11,Australia,Desktop,Premium,Inactive
431,Daniel Montgomery Jr.,fritztiffany@example.net,2026-01-21,India,Tablet,Pro,Inactive
432,Johnny Salazar,kevinrobinson@example.net,2025-10-27,Germany,Desktop,Pro,Inactive
433,Kaitlin Collins,carrie31@example.net,2025-10-22,India,Desktop,Pro,Active
434,Cheryl Ritter,mcmillanjames@example.org,2024-08-11,Germany,Tablet,Pro,Active
435,Shannon King,pmartinez@example.com,2026-03-07,USA,Mobile,Premium,Inactive
436,Sabrina Le,kellyweiss@example.net,2025-05-19,India,Desktop,Pro,Inactive
437,Heather Stanley,hinesgabriel@example.org,2025-07-17,USA,Desktop,Premium,Inactive
438,Amanda Scott,timothywashington@example.com,2025-09-19,USA,Desktop,Premium,Inactive
439,Vicki Peters,douglasapril@example.net,2024-11-29,Australia,Mobile,Free,Inactive
440,Hannah Garcia,thomas29@example.com,2024-09-10,Australia,Desktop,Free,Active
441,Gregory Butler,iwilson@example.com,2024-11-03,Germany,Desktop,Pro,Active
442,Alice Scott,dcrawford@example.org,2024-10-26,India,Tablet,Premium,Active
443,Paul West,nathanharper@example.net,2025-11-05,India,Desktop,Free,Active
444,Carlos Torres,rfitzgerald@example.net,2025-10-28,India,Desktop,Premium,Active
445,Mario Carter,masonsteven@example.net,2025-11-17,UK,Tablet,Premium,Inactive
446,Pamela Williams,johnalvarez@example.com,2025-04-06,Germany,Mobile,Free,Active
447,Joseph Mitchell,gmanning@example.net,2025-06-29,India,Desktop,Pro,Active
448,Margaret Washington,rwilliams@example.com,2025-02-13,Germany,Desktop,Pro,Active
449,James Nunez,evan05@example.net,2026-06-26,Germany,Tablet,Pro,Inactive
450,Brenda Cohen,johnsonalexander@example.com,2026-02-08,Canada,Desktop,Premium,Active
451,Jacob Benson,jessicaleon@example.net,2024-09-10,UK,Desktop,Pro,Active
452,John Curry,anita64@example.org,2025-09-25,USA,Desktop,Pro,Active
453,Joshua Nelson,villegasstephanie@example.net,2025-06-07,Germany,Desktop,Premium,Active
454,Christine Taylor,lisalarson@example.net,2024-12-21,USA,Desktop,Pro,Inactive
455,Kari Davis,mary12@example.net,2024-12-15,Australia,Tablet,Free,Active
456,Zachary Kline,ryan25@example.net,2024-09-13,Germany,Mobile,Premium,Active
457,Alexandra Smith,lindsey47@example.net,2025-01-16,Canada,Mobile,Pro,Inactive
458,Carly Garcia,martinamanda@example.net,2025-10-21,UK,Tablet,Free,Inactive
459,John Pruitt,vmccoy@example.com,2024-10-25,India,Tablet,Pro,Active
460,Kevin Combs,stephanieharris@example.net,2025-09-24,UK,Desktop,Pro,Inactive
461,Yolanda Carter,montoyarobert@example.org,2026-07-01,India,Mobile,Pro,Inactive
462,Henry Brooks,ashley86@example.org,2024-10-31,Australia,Tablet,Premium,Active
463,John Morris,yjackson@example.org,2025-05-15,UK,Desktop,Free,Active
464,Gina Ryan,diazlisa@example.com,2026-01-02,Australia,Mobile,Premium,Active
465,Susan Perkins,velasquezadam@example.com,2026-03-04,Canada,Tablet,Pro,Inactive
466,Julie Caldwell,robert79@example.net,2025-04-20,Australia,Tablet,Free,Inactive
467,Gina Sexton,woodjesus@example.com,2025-02-23,Germany,Desktop,Pro,Active
468,Katherine Spencer,hsmith@example.net,2025-01-02,Australia,Desktop,Premium,Inactive
469,Lisa Lopez,timothyroberts@example.net,2025-07-23,UK,Tablet,Pro,Active
470,Karen Fischer,ybrooks@example.com,2025-04-04,Australia,Tablet,Pro,Inactive
471,Mia Andrade,elliottpaul@example.org,2026-03-06,Australia,Desktop,Pro,Active
472,Ms. Tanya Lane,nicole25@example.net,2024-12-19,Australia,Tablet,Pro,Inactive
473,Barry Hernandez,rogerslevi@example.net,2025-01-19,India,Tablet,Pro,Inactive
474,Felicia Calderon,millernathan@example.com,2025-07-13,USA,Tablet,Free,Inactive
475,Mark Stevens,xjohnson@example.com,2026-01-16,UK,Tablet,Premium,Inactive
476,Anthony Grant,davidnguyen@example.com,2026-03-26,USA,Mobile,Pro,Inactive
477,Emily Chan,garystephens@example.com,2025-05-30,Australia,Tablet,Premium,Inactive
478,Kim Baker,cory98@example.org,2025-09-06,Canada,Desktop,Free,Active
479,Taylor Barrett,nelsonmelanie@example.net,2024-12-12,UK,Desktop,Premium,Active
480,Gregory Lambert,jacqueline51@example.com,2025-03-21,India,Desktop,Pro,Active
481,Madison Mills,mitchellcourtney@example.org,2024-07-18,India,Tablet,Free,Active
482,Patrick King,sanchezjason@example.org,2026-02-15,India,Tablet,Premium,Active
483,Anthony Johnson,christopher81@example.org,2024-08-19,Canada,Desktop,Pro,Active
484,Justin Hill,imullins@example.org,2024-07-27,India,Desktop,Free,Active
485,Mr. Matthew Rodriguez,johnsonnicholas@example.net,2026-03-01,India,Tablet,Pro,Active
486,David Garcia,danielalvarez@example.com,2025-10-17,India,Tablet,Free,Inactive
487,Angela Cohen,mwilson@example.net,2025-03-23,India,Desktop,Premium,Active
488,Leah Garcia,xmcmillan@example.org,2026-05-19,Germany,Desktop,Free,Inactive
489,Melissa Garcia,ayerswesley@example.com,2026-01-30,Australia,Tablet,Premium,Active
490,Timothy Jacobs,acostakristina@example.com,2025-02-02,Germany,Desktop,Premium,Inactive
491,Lucas Kaiser,flowersmary@example.com,2026-04-09,UK,Desktop,Pro,Active
492,Zachary Davis,ronaldgonzalez@example.com,2025-04-29,Canada,Tablet,Free,Inactive
493,Nicole Weaver,mcbrideantonio@example.com,2025-08-10,Australia,Desktop,Premium,Active
494,Karen Smith,whitneylyons@example.org,2025-04-30,Germany,Desktop,Free,Active
495,Valerie Martin,warrenlisa@example.org,2025-04-19,USA,Desktop,Pro,Inactive
496,William Jacobs,elizabeth52@example.org,2025-08-18,Australia,Desktop,Premium,Active
497,Melanie Richards,joshua53@example.com,2026-04-22,Germany,Tablet,Premium,Inactive
498,Mark Fleming,gregorybrian@example.net,2024-12-26,UK,Tablet,Free,Active
499,Brian Wheeler,james70@example.net,2025-08-23,Canada,Desktop,Premium,Active
500,David Olson,jenkinsmichael@example.com,2024-09-13,India,Mobile,Pro,Active
501,Nina Page,tammy57@example.net,2025-10-05,USA,Mobile,Premium,Active
502,Diana Mccullough,stephanie21@example.org,2024-12-09,Canada,Tablet,Pro,Active
503,Ebony Murray,phillipsdonald@example.net,2025-04-21,Canada,Desktop,Pro,Inactive
504,Samantha Miller,iwall@example.net,2024-07-23,Germany,Tablet,Premium,Active
505,Eric Smith,dbrown@example.net,2024-11-06,India,Mobile,Free,Inactive
506,Brenda Richmond,oliverdavid@example.com,2025-03-15,India,Mobile,Premium,Active
507,Michelle Morales,patrickyoung@example.org,2024-09-18,USA,Mobile,Premium,Inactive
508,Tonya Vega,samanthamitchell@example.org,2025-12-10,Australia,Mobile,Pro,Inactive
509,Charles Brown,jonesrachel@example.org,2026-01-30,Germany,Mobile,Premium,Inactive
510,Mary Cortez,brittany60@example.com,2024-10-09,India,Tablet,Pro,Inactive
511,Ethan Butler,nicole30@example.com,2026-02-13,UK,Mobile,Premium,Inactive
512,Darlene Stewart,apowell@example.com,2026-06-18,Canada,Mobile,Premium,Inactive
513,Brandi Collins,wangryan@example.org,2026-04-03,India,Mobile,Free,Active
514,Reginald Davis,harrisonjames@example.org,2024-07-15,UK,Tablet,Pro,Inactive
515,James Santiago,boydfrank@example.org,2024-08-15,USA,Tablet,Premium,Active
516,Matthew Mathis MD,qdelgado@example.net,2026-01-17,Australia,Mobile,Free,Inactive
517,Jonathan Thomas,ymartin@example.org,2026-01-28,Germany,Tablet,Pro,Active
518,Cathy Rose,stephen65@example.com,2026-04-06,Canada,Tablet,Pro,Active
519,Tiffany Bradley,rnunez@example.org,2024-09-15,India,Tablet,Pro,Active
520,William York,davidsonpaul@example.net,2024-07-06,India,Mobile,Premium,Active
521,Rebecca Larson,glennkaitlyn@example.org,2026-05-30,India,Tablet,Free,Active
522,Jennifer Castillo,tkirk@example.com,2024-08-25,USA,Desktop,Free,Active
523,Benjamin Byrd,gregoryhurley@example.org,2026-02-16,Germany,Tablet,Free,Active
524,Judith Simon,mark58@example.com,2025-03-31,India,Mobile,Free,Active
525,Sarah Grant,chenbrenda@example.org,2026-01-28,Australia,Mobile,Premium,Active
526,Nathaniel Cook,suarezsean@example.org,2025-12-15,USA,Desktop,Pro,Inactive
527,Rita Gentry,glang@example.com,2024-07-15,UK,Mobile,Pro,Inactive
528,Brianna Walter,dianejohnson@example.com,2025-06-12,Australia,Tablet,Premium,Inactive
529,Jason Ayers,raymond16@example.net,2025-05-23,Germany,Desktop,Free,Active
530,Jason Wade,mariah05@example.net,2025-06-12,Australia,Mobile,Premium,Active
531,Rhonda Green,zacharysmall@example.org,2024-10-19,Canada,Desktop,Pro,Inactive
532,Morgan Davila,fgarcia@example.net,2025-10-26,India,Desktop,Pro,Active
533,Taylor Smith,isweeney@example.com,2025-08-14,USA,Desktop,Premium,Active
534,Mrs. Stephanie Pratt,stephen91@example.org,2024-10-14,Germany,Tablet,Free,Inactive
535,Bruce Dudley,jamescontreras@example.com,2025-07-03,USA,Desktop,Free,Active
536,Kimberly Sullivan,wagnercheryl@example.net,2026-05-24,Germany,Desktop,Pro,Active
537,Eric Woods,debra05@example.com,2024-09-18,India,Desktop,Premium,Active
538,Christopher Davenport,mcguiremichelle@example.com,2025-06-27,India,Mobile,Premium,Inactive
539,Molly Houston,cory59@example.net,2026-04-24,Canada,Mobile,Free,Inactive
540,Victor Gregory,ujones@example.org,2026-06-11,USA,Mobile,Premium,Active
541,Christopher Taylor,jodismith@example.net,2024-10-27,Australia,Mobile,Pro,Inactive
542,Dr. Roy Joseph,randy28@example.net,2026-05-17,Canada,Tablet,Free,Active
543,Daniel Cooper,prestonmalone@example.com,2025-05-31,India,Mobile,Free,Inactive
544,Julie Wu,eric56@example.com,2026-02-13,UK,Mobile,Free,Inactive
545,Jason Oneill,james54@example.org,2025-03-26,USA,Mobile,Premium,Inactive
546,Amber Bell,mmarks@example.com,2025-05-16,UK,Desktop,Pro,Inactive
547,James Jimenez,shawnrosario@example.net,2026-06-02,Canada,Desktop,Pro,Active
548,Miguel Horton,randall75@example.net,2025-10-14,UK,Desktop,Premium,Active
549,Christopher Hughes,glenmoore@example.net,2026-02-18,Australia,Desktop,Free,Inactive
550,Brian Morales,kingamanda@example.org,2024-08-19,India,Desktop,Pro,Inactive
551,Carlos Morrison,mtorres@example.org,2024-11-19,India,Tablet,Pro,Active
552,Kristy Miller,aaron41@example.org,2026-04-11,USA,Desktop,Premium,Inactive
553,Amber Thompson,brewerdavid@example.org,2026-01-27,UK,Tablet,Free,Active
554,William Mcmillan,robertbrown@example.net,2025-12-22,USA,Desktop,Premium,Inactive
555,George Dunn,mercerjames@example.com,2024-07-15,Australia,Tablet,Premium,Inactive
556,Howard Schmidt,charles68@example.com,2025-08-03,Canada,Mobile,Pro,Active
557,Justin Gonzalez,royjonathan@example.com,2026-04-22,Australia,Mobile,Pro,Inactive
558,Stacy Jimenez,edwardseileen@example.com,2026-03-30,UK,Desktop,Pro,Inactive
559,Beverly Scott,morrissamantha@example.org,2025-04-24,USA,Mobile,Free,Active
560,Benjamin Contreras,murrayangela@example.net,2024-09-27,Canada,Mobile,Free,Active
561,Shannon Ramirez,ohardy@example.com,2026-04-07,Canada,Tablet,Pro,Inactive
562,Janet Bridges,juliehorn@example.com,2025-04-23,India,Tablet,Pro,Inactive
563,Steven Parks,debbie22@example.com,2025-03-08,Canada,Mobile,Free,Active
564,Tammy Lewis,smithmatthew@example.org,2024-11-27,India,Tablet,Free,Active
565,Julie Nelson,martinlauren@example.org,2025-11-12,Canada,Tablet,Pro,Inactive
566,Elizabeth Porter,jennifer34@example.org,2024-08-15,India,Tablet,Pro,Inactive
567,Alexander Sanchez,owilliams@example.org,2026-04-17,UK,Desktop,Premium,Inactive
568,Natalie Armstrong,xlittle@example.com,2026-01-17,USA,Tablet,Premium,Inactive
569,Mark Moran,ysmith@example.org,2024-07-15,India,Mobile,Pro,Active
570,Michael Wood,johncastro@example.com,2025-06-13,Australia,Tablet,Premium,Inactive
571,John Scott,josephdillon@example.com,2025-07-05,Canada,Tablet,Pro,Active
572,Gregory Jones,oyoung@example.com,2025-05-31,Australia,Mobile,Pro,Active
573,Angel Klein,john29@example.com,2024-09-17,USA,Tablet,Free,Inactive
574,Michelle Ramirez,vargasmichael@example.com,2025-10-17,Australia,Mobile,Pro,Inactive
575,Miss Kara Barnes,ramostheresa@example.com,2024-07-16,USA,Tablet,Premium,Inactive
576,Kimberly Reid,vwilson@example.org,2024-10-07,Australia,Mobile,Free,Active
577,Steven Hodge,ashleybrown@example.org,2025-07-01,UK,Tablet,Premium,Inactive
578,Amanda Caldwell,framos@example.net,2025-07-08,Canada,Desktop,Premium,Inactive
579,Kelly Thomas,samantha91@example.org,2026-04-25,India,Desktop,Pro,Active
580,Roberto Petersen,williamjones@example.net,2024-12-08,UK,Desktop,Premium,Active
581,Christopher Martin,laurabrennan@example.com,2024-10-09,India,Tablet,Free,Active
582,David Smith,pamela32@example.net,2025-04-26,Australia,Tablet,Free,Inactive
583,Emily Thompson,williambarajas@example.net,2025-02-15,Canada,Tablet,Premium,Inactive
584,Pamela Gonzalez,nhendrix@example.com,2024-10-27,Germany,Mobile,Free,Active
585,James Wood,ibarker@example.net,2025-01-29,Canada,Mobile,Premium,Inactive
586,Randall Spencer,troywilliams@example.com,2025-05-18,Australia,Tablet,Free,Inactive
587,Dr. Richard Reynolds,frederick27@example.org,2025-11-11,Canada,Tablet,Free,Inactive
588,Alexis Washington,russellrobert@example.net,2025-07-01,India,Mobile,Pro,Active
589,Cory Harris,alexedwards@example.com,2026-06-16,UK,Tablet,Free,Inactive
590,Christopher Ross,dianeferguson@example.net,2025-04-27,Australia,Desktop,Free,Active
591,Joseph Leach,mcmillannathan@example.org,2026-05-07,Australia,Mobile,Free,Inactive
592,Jeffrey Moreno,davisgregory@example.net,2024-07-25,USA,Mobile,Free,Active
593,Rachel Jenkins,alexandrasmith@example.net,2026-04-20,Australia,Desktop,Premium,Active
594,Jordan Carter,baileyfrank@example.org,2025-03-02,Germany,Desktop,Free,Inactive
595,Victor Wilson,fhernandez@example.com,2026-05-04,Australia,Mobile,Pro,Active
596,Dr. John Hammond,melendezamy@example.net,2026-02-08,USA,Tablet,Free,Inactive
597,Clayton Zuniga,farrellmatthew@example.net,2025-09-25,Australia,Mobile,Free,Active
598,Antonio Villa,bruce05@example.net,2026-03-14,Australia,Desktop,Premium,Active
599,Amanda Davis,lindseyadrian@example.com,2025-09-14,Germany,Mobile,Pro,Active
600,Emily Graham,qbrown@example.net,2025-05-09,Canada,Tablet,Pro,Active
601,Philip Vega,moyerjacob@example.net,2025-01-15,India,Mobile,Free,Inactive
602,Julie Miller,bmckenzie@example.org,2026-06-26,UK,Mobile,Pro,Inactive
603,Deborah Mathis,eugenevaughn@example.net,2025-04-11,Australia,Tablet,Free,Active
604,Gary Best,griffingabriella@example.com,2026-04-10,UK,Tablet,Free,Inactive
605,Kelly Kelley,mary58@example.org,2024-09-28,Australia,Tablet,Premium,Inactive
606,Adrian Blake,craig20@example.com,2025-05-11,Australia,Tablet,Free,Inactive
607,Tiffany Velazquez,ganderson@example.org,2024-10-29,Australia,Mobile,Free,Active
608,Ernest Parks,amanda47@example.org,2025-06-23,Canada,Tablet,Premium,Active
609,Matthew Morris,tammy31@example.org,2026-07-05,UK,Desktop,Free,Inactive
610,Kevin Martin,gutierrezlacey@example.com,2025-07-24,USA,Desktop,Pro,Inactive
611,Carlos Smith,wwillis@example.com,2026-01-18,India,Desktop,Premium,Active
612,Amanda Carey,smiller@example.org,2026-01-03,India,Tablet,Premium,Inactive
613,Jamie Alexander MD,karenstokes@example.net,2025-09-09,USA,Desktop,Free,Inactive
614,Charles Conner,laura04@example.com,2026-02-07,Canada,Desktop,Free,Inactive
615,Caleb Grant,loriwilliams@example.net,2025-08-30,Australia,Mobile,Free,Inactive
616,Matthew Jimenez,pirwin@example.com,2025-03-18,India,Tablet,Free,Inactive
617,Christopher Montgomery,cooknoah@example.org,2026-05-18,India,Tablet,Pro,Active
618,Sandra Pollard,johnstonashley@example.com,2026-05-02,UK,Desktop,Premium,Inactive
619,Cynthia Beck,lopezleah@example.org,2026-01-19,India,Mobile,Pro,Active
620,Gabrielle Webb,englishlinda@example.org,2025-05-04,Canada,Tablet,Free,Active
621,Regina Martin,campbellkristi@example.org,2026-01-17,India,Desktop,Premium,Active
622,Regina Young,richard98@example.net,2026-06-16,Australia,Tablet,Pro,Inactive
623,Lawrence Campbell,harold48@example.net,2025-01-16,Germany,Tablet,Pro,Active
624,Mark Dixon,kleinglenn@example.com,2024-12-14,UK,Tablet,Pro,Inactive
625,Angela Hoffman,john33@example.net,2026-01-12,UK,Tablet,Free,Active
626,Danny Pierce,christopher07@example.com,2025-11-13,India,Desktop,Pro,Active
627,Jamie Adams,perezhunter@example.org,2024-12-06,Australia,Tablet,Free,Inactive
628,Joseph Bailey,donna91@example.org,2025-04-25,Canada,Tablet,Free,Inactive
629,David Lamb,ebrown@example.com,2025-09-20,UK,Desktop,Free,Inactive
630,Michelle Douglas,williamsstephen@example.org,2026-03-08,Germany,Tablet,Free,Active
631,Dana Carter,rayrobert@example.com,2025-08-06,Canada,Tablet,Pro,Inactive
632,Veronica Smith,joshuahall@example.org,2026-01-17,Australia,Desktop,Premium,Inactive
633,Victor Fuller,ohanson@example.com,2026-06-14,USA,Desktop,Premium,Active
634,Robert Myers,brittanysmith@example.com,2025-06-14,India,Desktop,Pro,Active
635,Jill Delacruz,adam72@example.com,2025-09-04,India,Mobile,Premium,Active
636,Anthony Hayes,hjenkins@example.net,2025-12-31,Canada,Tablet,Free,Inactive
637,William Le,ocastaneda@example.org,2024-08-25,India,Tablet,Free,Active
638,Rebecca Yates,wadeamy@example.org,2025-02-21,Canada,Desktop,Free,Inactive
639,Meagan Graves,kwalker@example.net,2024-10-16,Germany,Desktop,Premium,Active
640,Susan Leon,christopherrodriguez@example.net,2026-05-11,Canada,Desktop,Free,Active
641,Jason Wood,cferrell@example.org,2026-02-08,Germany,Tablet,Free,Active
642,Corey Tran,frankyates@example.net,2024-08-15,Canada,Tablet,Free,Inactive
643,Eddie Schmidt,valerie34@example.net,2026-02-27,USA,Tablet,Pro,Active
644,Shannon Malone,peteradams@example.net,2026-06-22,Australia,Desktop,Pro,Inactive
645,Valerie Allen,todd17@example.com,2025-10-26,Germany,Tablet,Premium,Active
646,Michelle Chase,pmoreno@example.org,2024-07-24,Germany,Tablet,Pro,Active
647,Thomas Hunter,xjones@example.org,2025-05-19,USA,Tablet,Pro,Active
648,John Reed,jmartinez@example.net,2026-01-19,UK,Tablet,Pro,Active
649,Christina Bray,martinezmakayla@example.net,2025-11-06,Australia,Desktop,Pro,Inactive
650,Kathleen Jackson,ericburgess@example.com,2025-07-07,India,Mobile,Premium,Active
651,Jennifer Davis,jennifer69@example.com,2025-11-02,Germany,Tablet,Free,Inactive
652,Ernest Maldonado,aperry@example.com,2024-10-07,Australia,Mobile,Free,Inactive
653,Eric Harris,mckinneychristopher@example.org,2024-09-14,Australia,Mobile,Pro,Inactive
654,Robert Osborne,ablankenship@example.com,2024-08-20,Canada,Desktop,Pro,Inactive
655,Thomas Garcia,michelle75@example.org,2026-06-11,India,Tablet,Pro,Active
656,Kathleen Knapp,hayesdouglas@example.org,2025-12-06,India,Mobile,Pro,Active
657,Susan West,ntorres@example.com,2025-04-08,Australia,Desktop,Pro,Active
658,Sabrina Mccoy,jameswinters@example.com,2024-11-23,Canada,Tablet,Premium,Active
659,John Montoya,estradaalicia@example.org,2025-12-27,Canada,Mobile,Premium,Active
660,Jasmine Shannon,qacosta@example.com,2024-08-07,UK,Desktop,Pro,Active
661,Michael Foster,alexanderdustin@example.org,2025-04-17,Germany,Desktop,Pro,Active
662,Misty Matthews,clarkpaige@example.org,2025-02-08,UK,Desktop,Premium,Active
663,Scott Clark,daleruiz@example.org,2025-12-03,Germany,Mobile,Pro,Inactive
664,Gregory Obrien,holmestiffany@example.com,2025-10-11,UK,Desktop,Premium,Inactive
665,Edwin Morgan,joseph67@example.com,2024-07-07,UK,Desktop,Free,Active
666,Tonya Jennings,mckayalyssa@example.org,2026-04-02,USA,Mobile,Pro,Inactive
667,Ross Vega,shannon54@example.org,2025-06-11,India,Mobile,Pro,Active
668,Oscar Johns III,ekennedy@example.org,2026-04-16,Australia,Desktop,Premium,Inactive
669,Matthew Jones,perezbrian@example.net,2025-03-02,Germany,Desktop,Pro,Inactive
670,Anthony Patel,sarahsanchez@example.com,2024-09-17,USA,Mobile,Free,Inactive
671,Beth Richards,lharper@example.net,2024-08-05,India,Desktop,Free,Inactive
672,George French,tayloremily@example.org,2024-12-27,Australia,Tablet,Pro,Inactive
673,Joseph Nelson,icollins@example.net,2025-11-15,UK,Desktop,Free,Active
674,Kristen Fitzpatrick,michaelmartinez@example.net,2025-01-15,UK,Mobile,Premium,Inactive
675,Sarah Carroll,karenpalmer@example.net,2025-09-10,UK,Desktop,Pro,Active
676,John Douglas,iroach@example.net,2026-06-06,USA,Mobile,Free,Active
677,Cristian Taylor,kathy49@example.org,2025-08-29,Canada,Mobile,Free,Inactive
678,David Young,lisagonzalez@example.net,2025-05-18,Canada,Tablet,Free,Inactive
679,Nathaniel Bender,danielle46@example.net,2025-07-18,UK,Mobile,Free,Active
680,Ms. Mary Rollins,kathrynbautista@example.net,2024-09-04,Australia,Tablet,Pro,Inactive
681,Jessica Wright,santiagotyler@example.net,2025-08-26,Canada,Mobile,Pro,Inactive
682,Benjamin Lester,doris07@example.org,2025-08-26,Germany,Mobile,Free,Active
683,Christine Reynolds,ehart@example.net,2025-07-27,Germany,Mobile,Free,Active
684,Matthew Hammond,ericspencer@example.org,2026-03-27,USA,Tablet,Premium,Inactive
685,Bonnie Acevedo,brookephelps@example.org,2025-06-05,Australia,Mobile,Free,Inactive
686,Robert Yates,bjohnson@example.com,2026-05-17,USA,Mobile,Pro,Active
687,Benjamin Cox,sabrina14@example.com,2025-07-19,Australia,Desktop,Free,Active
688,Jennifer Smith,jameskara@example.net,2025-04-22,UK,Mobile,Premium,Inactive
689,Crystal Nelson,nelsonlauren@example.com,2026-05-23,India,Desktop,Free,Active
690,Jessica Williams,andersonamber@example.org,2026-03-22,Canada,Tablet,Premium,Inactive
691,Jason Patterson,james73@example.org,2024-08-05,Australia,Desktop,Premium,Inactive
692,Nancy Stevenson,odavis@example.org,2026-03-15,India,Tablet,Free,Active
693,Luke Rivera,ramosmelanie@example.org,2025-12-01,Canada,Tablet,Premium,Active
694,Timothy Roman,tgregory@example.net,2025-07-23,UK,Tablet,Pro,Active
695,Richard Moore,john54@example.net,2025-07-25,UK,Mobile,Free,Inactive
696,Kyle King,brenda35@example.org,2026-04-15,Australia,Tablet,Free,Active
697,Brenda Bush,thomasapril@example.com,2024-09-18,Australia,Tablet,Pro,Active
698,Lisa Gonzalez,nicolekim@example.org,2025-02-08,Australia,Mobile,Pro,Inactive
699,Kristy Brown,daniel73@example.net,2024-07-27,Canada,Mobile,Premium,Inactive
700,Nichole Mcdonald,ujones@example.com,2025-02-17,India,Tablet,Premium,Active
701,Jordan Middleton,jasonray@example.com,2024-08-26,Australia,Mobile,Pro,Active
702,Bradley Anderson,laurenpatton@example.com,2024-10-10,Canada,Desktop,Free,Active
703,Barry Parker,novakcatherine@example.org,2026-07-03,Canada,Mobile,Pro,Inactive
704,David Christensen,ronald31@example.org,2025-08-16,Australia,Tablet,Pro,Active
705,George Martin,peggy16@example.net,2025-09-12,UK,Desktop,Pro,Active
706,Madeline Martinez,travisadams@example.com,2025-03-25,Canada,Desktop,Premium,Inactive
707,Stephen Huff,rachel78@example.net,2026-02-07,Australia,Desktop,Premium,Inactive
708,Melissa Acosta,james96@example.com,2025-05-12,Australia,Mobile,Free,Inactive
709,Jesse Mercer,travis77@example.net,2026-06-06,UK,Desktop,Pro,Inactive
710,Bobby Wiggins,mary17@example.org,2026-02-23,Germany,Desktop,Free,Active
711,Mary Cook,ramirezshawn@example.net,2026-02-23,USA,Desktop,Pro,Inactive
712,Kimberly Morrison,asmith@example.org,2025-10-31,Canada,Mobile,Premium,Active
713,Michael Cook,tdavis@example.net,2025-10-24,Germany,Mobile,Pro,Inactive
714,Justin White,powelllogan@example.net,2025-04-18,Germany,Desktop,Premium,Inactive
715,Jeffrey Miller,sleach@example.org,2025-01-02,Germany,Desktop,Free,Inactive
716,Amber Baker,erin73@example.org,2026-06-04,Germany,Desktop,Pro,Inactive
717,Stefanie Gordon,henryerik@example.com,2026-01-14,USA,Tablet,Free,Inactive
718,Kenneth Davis,uhansen@example.org,2025-09-07,India,Mobile,Pro,Active
719,Angel Henry,whitekenneth@example.org,2025-06-07,Canada,Tablet,Pro,Active
720,Julie Knight,deandana@example.net,2024-08-01,Australia,Mobile,Premium,Inactive
721,Jamie Garcia,sandra23@example.org,2024-10-08,Germany,Tablet,Free,Active
722,Alicia Roberts,wilsonjames@example.com,2025-04-17,Australia,Desktop,Pro,Inactive
723,Daniel Bell,mbullock@example.com,2025-04-04,USA,Desktop,Free,Inactive
724,Craig King,sanchezthomas@example.com,2025-01-16,USA,Mobile,Pro,Active
725,Donald Harris,mkim@example.org,2024-10-26,Australia,Mobile,Free,Inactive
726,Barbara Russell,danaaustin@example.org,2024-11-06,USA,Mobile,Premium,Active
727,Mrs. Monica Singleton,gnichols@example.com,2025-06-28,Germany,Mobile,Pro,Active
728,Cassandra Gay,darlenecarter@example.net,2024-10-19,USA,Tablet,Free,Inactive
729,Dr. Susan Stone,ismith@example.net,2025-03-18,India,Mobile,Pro,Active
730,Alicia Bailey,juliejohnson@example.com,2025-01-04,Australia,Desktop,Premium,Active
731,Tony Holmes,hduncan@example.net,2024-09-18,Canada,Mobile,Pro,Inactive
732,John Crane,brittany93@example.com,2026-01-19,USA,Desktop,Free,Inactive
733,Mary Vincent,elizabeth19@example.com,2025-12-31,Germany,Desktop,Premium,Active
734,Leslie Campos,jonathan83@example.net,2024-12-27,Canada,Mobile,Pro,Inactive
735,Christian Larson,katelyn26@example.net,2025-09-27,UK,Mobile,Premium,Active
736,Michael Mathews,hsutton@example.org,2025-06-28,USA,Mobile,Premium,Inactive
737,Seth Thomas,colonderrick@example.org,2024-07-21,India,Mobile,Premium,Inactive
738,Joseph Smith,ryanjohnson@example.org,2024-11-01,Canada,Tablet,Free,Inactive
739,Gary Powell,castillojose@example.com,2025-04-22,Australia,Mobile,Premium,Active
740,Margaret Martin,josephjared@example.net,2025-05-01,Canada,Desktop,Free,Active
741,David Miller DDS,umcdowell@example.org,2026-04-07,Australia,Tablet,Free,Inactive
742,Michelle Ali,bwatts@example.net,2024-11-20,Australia,Desktop,Pro,Active
743,Amy Lynch,laurennewman@example.com,2025-09-21,UK,Tablet,Premium,Inactive
744,Amy Duncan,stevenmoore@example.org,2025-01-02,India,Tablet,Premium,Active
745,Larry Thompson,figueroastephanie@example.net,2024-12-10,Germany,Tablet,Premium,Inactive
746,Desiree Russell,chasediana@example.com,2025-02-16,Canada,Tablet,Free,Inactive
747,Michael Anthony,matthew91@example.net,2024-08-17,Canada,Tablet,Pro,Active
748,Johnny Trujillo,matthewdaniels@example.org,2025-07-25,Australia,Tablet,Free,Active
749,Jennifer Lowe,ibrown@example.com,2024-08-06,Australia,Mobile,Pro,Active
750,Nathan Allen,dsnyder@example.com,2025-05-13,USA,Tablet,Free,Inactive
751,Ronald Chan,peter16@example.org,2025-02-04,USA,Tablet,Premium,Inactive
752,Haley Hayden,jamesfrench@example.com,2026-06-07,Australia,Tablet,Free,Inactive
753,Christine Huff,tanyamcintyre@example.org,2026-01-03,UK,Desktop,Premium,Inactive
754,Sarah Mathews,millsstephanie@example.com,2026-03-17,India,Mobile,Premium,Inactive
755,Kathy Berg,jeanettelong@example.org,2026-06-02,Canada,Mobile,Pro,Inactive
756,Joy Taylor,thomasarmstrong@example.net,2025-07-15,Canada,Tablet,Free,Active
757,John Turner,dthomas@example.com,2025-01-31,India,Tablet,Pro,Inactive
758,Sheena Willis,lorijenkins@example.com,2026-06-02,Germany,Tablet,Free,Active
759,Diana Gray,charles08@example.com,2024-12-09,USA,Tablet,Free,Inactive
760,Jeffery Brock,parkjoseph@example.com,2024-10-16,Canada,Desktop,Free,Inactive
761,Cynthia Williams,burkelacey@example.com,2026-06-20,Germany,Mobile,Free,Inactive
762,Dawn Gibson,erika30@example.org,2026-02-20,India,Tablet,Premium,Inactive
763,Aaron Rich,shannon67@example.net,2026-04-30,India,Mobile,Free,Inactive
764,Russell Wilson,karentran@example.net,2025-02-24,UK,Mobile,Free,Inactive
765,Jesus Dixon,aspears@example.net,2024-09-18,Germany,Mobile,Pro,Inactive
766,Linda Johnson,mercadorachael@example.com,2025-05-18,India,Tablet,Premium,Inactive
767,Christine Lopez,wboyd@example.net,2024-10-26,India,Mobile,Premium,Inactive
768,Justin Jacobs,vjones@example.org,2025-06-10,USA,Desktop,Premium,Active
769,Ashley Gilbert,michaeljohnson@example.org,2025-05-29,UK,Mobile,Pro,Inactive
770,Benjamin Martin,franciscocole@example.org,2024-12-18,USA,Tablet,Premium,Inactive
771,Jennifer Sandoval,madison04@example.org,2025-01-16,India,Mobile,Free,Inactive
772,Alex Owens,pwatson@example.net,2025-01-15,India,Mobile,Free,Active
773,Joseph Case,michele18@example.com,2025-09-07,USA,Desktop,Pro,Active
774,Peter Torres,rblair@example.org,2026-04-07,USA,Desktop,Premium,Active
775,Adriana Smith,aspencer@example.net,2025-12-16,USA,Tablet,Free,Active
776,Sonia Acosta,patrickjoyce@example.org,2024-09-22,USA,Desktop,Free,Inactive
777,Lisa Fox,baileycody@example.com,2026-02-22,Australia,Mobile,Pro,Inactive
778,Ronald Hood,irwinjulie@example.org,2025-12-16,Germany,Desktop,Free,Inactive
779,Erin Taylor,ccurtis@example.com,2024-07-19,Canada,Mobile,Pro,Active
780,Chelsea Gutierrez,arellanolindsey@example.org,2025-03-16,Germany,Tablet,Free,Active
781,April Novak,matthewgarcia@example.net,2025-08-05,Australia,Mobile,Pro,Inactive
782,Rachel Bennett,salaswendy@example.org,2026-03-12,Canada,Tablet,Pro,Inactive
783,Sara Reed,qprince@example.com,2024-09-20,USA,Desktop,Pro,Inactive
784,Ricky Elliott,mitchellamanda@example.com,2024-10-23,USA,Tablet,Pro,Active
785,Richard Welch,zjohnson@example.org,2024-10-23,USA,Desktop,Free,Inactive
786,Sabrina Roberts,randy88@example.com,2026-04-17,USA,Tablet,Premium,Inactive
787,Jeffrey Walker,joseph87@example.com,2025-05-31,USA,Desktop,Pro,Active
788,Travis Lowe,lawrence95@example.net,2026-04-05,UK,Mobile,Free,Inactive
789,Jason Taylor,youngshannon@example.com,2024-09-15,Germany,Desktop,Premium,Inactive
790,Vanessa Hayes,jmack@example.org,2024-07-05,Canada,Mobile,Pro,Active
791,Amber Smith,nelsonchristopher@example.org,2025-04-03,USA,Desktop,Premium,Active
792,Linda Diaz,sheiladoyle@example.com,2026-03-04,India,Desktop,Free,Inactive
793,Tracy Wood,thompsonkimberly@example.org,2024-08-16,USA,Tablet,Premium,Active
794,James Zhang,valeriewallace@example.net,2026-04-11,Canada,Tablet,Free,Inactive
795,Latoya Barrett,brewerjason@example.net,2026-03-23,UK,Tablet,Pro,Active
796,Maria White,rebecca87@example.org,2024-08-07,USA,Mobile,Free,Inactive
797,Nancy Jones,abigail41@example.net,2025-12-24,Germany,Desktop,Premium,Active
798,Lisa Lewis,pricemegan@example.com,2025-07-26,USA,Desktop,Premium,Inactive
799,Edwin Harris,brittany24@example.com,2026-03-03,Canada,Mobile,Free,Inactive
800,Stephen Skinner,soliver@example.com,2026-07-04,Canada,Tablet,Pro,Active
801,Richard Cunningham,wmorgan@example.net,2025-04-22,USA,Mobile,Pro,Inactive
802,Rodney Medina,danielsbrittany@example.com,2024-11-30,UK,Desktop,Pro,Inactive
803,Daniel Barry,jacksonmanuel@example.org,2025-10-01,Australia,Desktop,Pro,Inactive
804,Marie Myers,sflores@example.org,2025-09-13,Canada,Mobile,Free,Inactive
805,Heather Gutierrez,catherinerobinson@example.net,2025-07-03,Germany,Tablet,Pro,Inactive
806,Chelsea Morales,davisdavid@example.com,2025-08-05,Canada,Desktop,Premium,Active
807,Isaac Klein,grahamandrea@example.org,2024-12-08,UK,Tablet,Pro,Active
808,Jason Ferguson,zford@example.net,2025-05-29,Canada,Tablet,Premium,Active
809,Sean Patterson,herreradaniel@example.net,2026-01-29,UK,Desktop,Pro,Active
810,Robin Stephenson,vrobertson@example.com,2025-10-20,UK,Mobile,Pro,Active
811,Martha Sanchez,bhogan@example.net,2025-06-07,USA,Tablet,Free,Inactive
812,Joshua Taylor,vanessa66@example.org,2025-06-16,Australia,Desktop,Free,Active
813,Terry Lewis,melody59@example.org,2024-09-21,Canada,Mobile,Premium,Active
814,Zachary Allison,molly24@example.org,2025-09-27,Canada,Desktop,Premium,Inactive
815,Adam Mann,castromark@example.com,2026-02-12,USA,Tablet,Premium,Active
816,Kenneth Massey,fcunningham@example.com,2026-03-02,Canada,Tablet,Free,Active
817,Dennis Foster,michaelfranklin@example.com,2025-06-17,Canada,Tablet,Premium,Inactive
818,Courtney Grant,yknight@example.com,2024-12-20,Canada,Tablet,Free,Inactive
819,Amy Richardson,johnsonbrent@example.org,2024-10-09,UK,Tablet,Free,Active
820,David Wilkerson,banderson@example.net,2024-10-23,USA,Desktop,Premium,Active
821,Mary Barnes,amy81@example.net,2026-03-21,Canada,Tablet,Pro,Active
822,Bobby Clark,john86@example.org,2025-09-10,India,Mobile,Premium,Active
823,Lonnie Lambert,rsantiago@example.org,2024-07-20,USA,Mobile,Premium,Inactive
824,Christopher Lynch,jamieandrade@example.com,2026-05-14,UK,Desktop,Pro,Inactive
825,Belinda Velez,abigailbrown@example.com,2026-02-25,UK,Mobile,Pro,Active
826,Michael Ruiz,shanevargas@example.com,2025-01-18,UK,Tablet,Pro,Inactive
827,Kyle Woods,dana53@example.org,2025-10-04,UK,Tablet,Premium,Active
828,Tracy Gill,edixon@example.org,2025-02-12,UK,Tablet,Pro,Inactive
829,Jacqueline Hamilton,stephaniejones@example.org,2025-09-17,Canada,Tablet,Free,Active
830,Tammy Armstrong,gwolfe@example.com,2024-12-25,Australia,Mobile,Free,Inactive
831,Seth Holland,phyllisfletcher@example.com,2024-10-06,Germany,Tablet,Pro,Inactive
832,Carolyn Barry,ppowell@example.net,2024-10-16,UK,Desktop,Premium,Inactive
833,Scott Edwards,chanjennifer@example.com,2024-08-09,Germany,Mobile,Free,Active
834,Rhonda Jones,jenniferwilson@example.com,2026-04-12,Canada,Tablet,Free,Active
835,Shelia Jackson,cspencer@example.org,2024-07-08,Canada,Mobile,Premium,Active
836,Brian Brown,halljonathan@example.com,2025-08-14,Australia,Desktop,Premium,Inactive
837,Stephanie Lambert,michael69@example.com,2026-04-02,Canada,Tablet,Free,Active
838,Jennifer Larson,smithandrew@example.org,2024-10-22,USA,Desktop,Premium,Active
839,Amanda Donaldson,jtrujillo@example.net,2026-07-03,Canada,Desktop,Premium,Active
840,Gabriel Brown,martinezerin@example.org,2025-09-20,India,Mobile,Premium,Inactive
841,Mrs. Jodi Powell,josegarcia@example.com,2025-09-07,Canada,Desktop,Pro,Inactive
842,Mrs. Jessica Carlson,shermanmichael@example.net,2025-08-15,USA,Tablet,Free,Inactive
843,Rodney Curry,tranpatricia@example.org,2025-05-10,USA,Mobile,Free,Inactive
844,Yvonne Shaw,tammybryant@example.com,2025-10-15,UK,Desktop,Premium,Inactive
845,Randy Mosley,sandra15@example.net,2024-11-29,UK,Desktop,Pro,Inactive
846,Joseph Tucker,wolfpatricia@example.com,2025-02-26,Canada,Tablet,Pro,Inactive
847,John Lynch,webbchristina@example.com,2025-06-20,Canada,Desktop,Premium,Inactive
848,Elizabeth Perez MD,randy41@example.com,2025-01-20,USA,Tablet,Free,Inactive
849,Nicole Ford,hunter70@example.net,2024-10-15,Canada,Tablet,Pro,Inactive
850,Sophia Hensley,rbrown@example.net,2025-12-20,USA,Desktop,Premium,Inactive
851,Anna Mcdonald,norrismarvin@example.org,2026-05-07,USA,Desktop,Premium,Inactive
852,Dalton Padilla,raymondtheresa@example.com,2024-11-03,UK,Desktop,Free,Active
853,Amber Henry,christopherconner@example.org,2025-07-12,USA,Mobile,Pro,Inactive
854,George Hoffman,tracy94@example.com,2025-08-24,Germany,Tablet,Free,Inactive
855,Edward Alvarez,gonzalezaustin@example.com,2025-01-02,Australia,Mobile,Premium,Inactive
856,Paul Mercer,nicolenorman@example.com,2024-09-18,USA,Desktop,Free,Active
857,Cheyenne Stewart,beckysexton@example.org,2025-08-25,Canada,Tablet,Free,Active
858,Benjamin Nelson,zjones@example.org,2024-08-05,Australia,Desktop,Premium,Inactive
859,Gregory Chavez,tracy95@example.com,2025-06-01,Germany,Mobile,Premium,Active
860,Emily James,eric70@example.net,2025-10-09,Germany,Desktop,Free,Inactive
861,Dawn Nelson,samantharamirez@example.net,2025-04-13,Germany,Desktop,Free,Active
862,Morgan Reynolds,xyoung@example.org,2025-08-25,Canada,Desktop,Premium,Active
863,Mr. Christopher French,victoriachan@example.net,2026-02-03,Australia,Mobile,Pro,Inactive
864,Jeffrey Keith,jonesmanuel@example.org,2025-11-09,USA,Tablet,Free,Active
865,Desiree George DDS,natasha07@example.net,2025-09-13,India,Tablet,Premium,Active
866,Emily Arnold,cameron89@example.com,2026-03-25,USA,Mobile,Free,Inactive
867,Jason Harris,suttonmichelle@example.com,2025-07-03,Canada,Desktop,Pro,Inactive
868,Alan Wallace,bthomas@example.com,2024-10-05,UK,Tablet,Pro,Inactive
869,Andres Johnson,brittanymorgan@example.org,2024-07-18,Canada,Desktop,Pro,Active
870,Christopher Morgan,kramertammy@example.org,2026-06-24,UK,Desktop,Premium,Inactive
871,Michael Johnson,carterjennifer@example.com,2026-03-12,Australia,Tablet,Free,Active
872,Lauren Hernandez DVM,porterrachel@example.org,2025-08-21,Germany,Mobile,Free,Inactive
873,Patricia Burke,robertwagner@example.net,2025-02-12,UK,Mobile,Pro,Inactive
874,Emily Jackson,bergaustin@example.net,2025-08-11,Australia,Tablet,Pro,Active
875,Dr. Teresa Lopez,anthony12@example.net,2026-04-25,India,Tablet,Free,Active
876,Lindsey White,lori71@example.net,2024-10-07,UK,Tablet,Pro,Active
877,Edward Stone,vmarks@example.org,2026-03-28,India,Mobile,Free,Inactive
878,Danielle Robinson,gary26@example.org,2026-06-03,USA,Desktop,Pro,Inactive
879,Phillip Bryant,joyce34@example.com,2026-03-03,India,Mobile,Premium,Inactive
880,Lauren Escobar,ychavez@example.com,2025-05-29,Canada,Tablet,Free,Inactive
881,Cheryl Hamilton,probinson@example.net,2024-12-10,Australia,Mobile,Premium,Active
882,Robert Lindsey,brenda02@example.org,2025-05-26,Germany,Tablet,Pro,Active
883,Renee Hunt,brandonhancock@example.net,2024-12-04,Canada,Desktop,Free,Inactive
884,Willie Rodriguez,arthur69@example.net,2025-06-07,Germany,Tablet,Free,Active
885,Lauren Washington,michael98@example.net,2025-09-19,UK,Tablet,Premium,Inactive
886,Carolyn Ward,robinsondebra@example.com,2026-05-29,UK,Tablet,Pro,Active
887,Darren Herrera,stacywyatt@example.net,2025-10-24,USA,Desktop,Premium,Inactive
888,Andrew Jenkins,jameswashington@example.net,2026-04-07,Germany,Desktop,Premium,Inactive
889,Jill Blackwell,thomasshane@example.org,2025-09-18,India,Tablet,Premium,Active
890,Jeffery Gregory,cortezmercedes@example.net,2025-10-07,India,Desktop,Pro,Active
891,Mary Mcclain,diaztimothy@example.net,2026-01-10,Germany,Tablet,Premium,Inactive
892,Elizabeth Stewart MD,qhiggins@example.org,2024-11-12,Canada,Mobile,Free,Active
893,Heather Navarro,angelajohnston@example.org,2024-07-20,Australia,Tablet,Pro,Active
894,Yvonne Casey,gail75@example.org,2024-08-03,UK,Mobile,Free,Active
895,Elizabeth Mcintyre,njensen@example.net,2026-01-12,Australia,Tablet,Pro,Inactive
896,Ryan Rosales,fergusonapril@example.net,2026-03-09,Australia,Desktop,Premium,Inactive
897,Tammy Obrien,michelle98@example.net,2026-02-04,Canada,Mobile,Pro,Inactive
898,Jose Collins,melissa95@example.com,2024-07-23,Germany,Desktop,Pro,Inactive
899,Charles Rivera,cduran@example.com,2026-06-13,UK,Desktop,Premium,Active
900,Emily Wheeler,emily70@example.net,2025-09-28,UK,Mobile,Free,Inactive
901,Brett Miller,tjackson@example.org,2025-06-24,USA,Tablet,Pro,Active
902,Donna Clark,brookegrant@example.net,2024-08-04,India,Desktop,Free,Inactive
903,Christopher Brown,joneslaura@example.org,2025-05-02,USA,Tablet,Pro,Inactive
904,Kiara Walker,mmueller@example.org,2025-07-20,India,Mobile,Free,Inactive
905,John Garner,kevinobrien@example.net,2025-05-15,Germany,Tablet,Premium,Active
906,Jerry Macdonald,jerry34@example.org,2024-07-15,UK,Tablet,Pro,Active
907,Jennifer Hicks,wbrown@example.net,2025-12-28,USA,Tablet,Free,Active
908,Kevin Smith,christopher99@example.com,2026-04-27,Australia,Desktop,Premium,Active
909,Samantha Vazquez,schroederdavid@example.com,2025-11-18,Australia,Tablet,Free,Inactive
910,Steven Terry,mcdanieljason@example.org,2026-01-09,Germany,Mobile,Pro,Inactive
911,Curtis Weeks,wanda66@example.net,2025-06-26,Australia,Desktop,Pro,Active
912,Mandy Jones MD,nsalinas@example.net,2025-02-09,Australia,Desktop,Pro,Inactive
913,Vanessa Martinez,harry01@example.com,2025-09-25,USA,Tablet,Premium,Active
914,Carol Mccarthy,acox@example.org,2025-05-21,Canada,Desktop,Premium,Inactive
915,Isabella Boyd,ygomez@example.org,2025-05-13,Canada,Tablet,Free,Inactive
916,Allen Mckinney,browngregory@example.com,2025-04-08,Germany,Desktop,Pro,Inactive
917,Jill Norton,bishopbrittany@example.com,2025-11-16,UK,Desktop,Premium,Active
918,Roy Patterson,richard28@example.com,2024-09-30,Australia,Mobile,Free,Active
919,Jeff Moreno,jerryroberts@example.net,2024-08-05,Germany,Tablet,Pro,Inactive
920,Tony Walls,allenbradley@example.net,2025-11-29,Canada,Tablet,Premium,Active
921,Caitlyn Silva,zmills@example.net,2026-06-17,USA,Mobile,Pro,Active
922,Brittany Taylor,luke46@example.org,2025-03-10,Australia,Tablet,Pro,Inactive
923,Jennifer Allen,natalie30@example.org,2024-10-17,India,Tablet,Pro,Inactive
924,Glenn Cook,lori15@example.org,2026-03-15,Canada,Mobile,Pro,Inactive
925,Brandy Williams,yvonne67@example.org,2024-10-01,Australia,Mobile,Pro,Active
926,Sarah Dillon,combsrachel@example.org,2026-05-05,USA,Tablet,Free,Active
927,Thomas Miller,morganmonique@example.net,2026-05-03,Australia,Mobile,Premium,Active
928,Daniel Hoover,donna86@example.org,2026-02-16,Germany,Desktop,Premium,Inactive
929,Cynthia Butler,fsmith@example.org,2026-02-06,Australia,Desktop,Pro,Inactive
930,Albert Miller,patricia08@example.org,2025-10-19,UK,Tablet,Pro,Active
931,Michelle Blackburn,mlong@example.org,2026-05-02,USA,Tablet,Pro,Inactive
932,Cody Aguilar,jennifergonzalez@example.net,2024-11-24,India,Tablet,Free,Active
933,Amanda Sanchez,hclark@example.org,2026-01-23,Canada,Mobile,Premium,Inactive
934,William Olson,westjesse@example.net,2025-02-14,UK,Desktop,Free,Active
935,Latoya Vasquez,ysutton@example.org,2025-11-09,Australia,Desktop,Premium,Active
936,Melissa Alvarez,nguyenjames@example.com,2026-04-12,India,Desktop,Premium,Active
937,Taylor Delgado,reevesandrew@example.org,2024-11-20,Australia,Tablet,Premium,Inactive
938,Dr. Andrew Murray,angela35@example.net,2026-02-10,USA,Mobile,Free,Active
939,Michael Fisher,haileywright@example.net,2025-07-10,UK,Mobile,Pro,Inactive
940,Carol Hanson,jessicasparks@example.com,2025-06-07,Germany,Mobile,Pro,Active
941,Ruben Stewart,alexmorrison@example.org,2025-05-16,UK,Desktop,Pro,Inactive
942,Sabrina Gallagher,mariahernandez@example.org,2024-10-30,Germany,Desktop,Free,Inactive
943,Tony Thompson,michaelclayton@example.net,2025-12-29,Australia,Mobile,Premium,Active
944,Tyler Barnes,edward98@example.org,2025-04-06,UK,Mobile,Pro,Active
945,Oscar Garcia,twhite@example.org,2025-10-17,Australia,Desktop,Free,Inactive
946,Matthew Hunter,lance83@example.net,2025-10-24,Australia,Tablet,Premium,Active
947,Peggy Bradley,ythompson@example.org,2025-06-07,USA,Mobile,Pro,Inactive
948,Wayne Hunter,michellecarey@example.com,2024-12-02,Australia,Mobile,Pro,Inactive
949,Cassandra Thomas,jacksongina@example.com,2024-08-23,USA,Mobile,Premium,Active
950,Barbara Hill,tyoung@example.net,2026-03-13,Germany,Desktop,Premium,Inactive
951,Mark Martinez,hjohnston@example.net,2026-05-23,Australia,Desktop,Pro,Inactive
952,Kurt Sanders,lisa56@example.net,2025-04-29,UK,Mobile,Pro,Active
953,Michael Ellison,tfoley@example.com,2025-01-13,UK,Desktop,Premium,Active
954,Heather Gonzalez,victoria70@example.net,2025-06-25,Australia,Desktop,Pro,Active
955,Karen Blair,phyllis46@example.net,2024-11-15,Canada,Mobile,Pro,Active
956,John Ramos,showell@example.net,2025-07-03,Germany,Desktop,Pro,Active
957,Stephen Hudson,patrickcollins@example.com,2024-09-21,USA,Mobile,Free,Active
958,Geoffrey Rios,josephhughes@example.org,2025-07-10,Canada,Desktop,Pro,Inactive
959,Chad Stanley,nrojas@example.net,2024-08-29,USA,Mobile,Free,Active
960,John Wilson,melindadoyle@example.net,2025-05-08,UK,Tablet,Free,Inactive
961,Christopher Cowan,bassandrea@example.net,2025-11-16,USA,Desktop,Pro,Inactive
962,Jason Martin,aliciaross@example.com,2024-09-25,India,Mobile,Pro,Inactive
963,Colton Jones,rowecaroline@example.net,2024-10-03,Canada,Desktop,Pro,Inactive
964,John Reynolds,markpope@example.org,2025-10-20,India,Mobile,Pro,Inactive
965,Cynthia Mann,cantueileen@example.com,2025-07-07,Australia,Mobile,Pro,Inactive
966,Michael Collins,michael21@example.net,2024-10-05,UK,Mobile,Free,Active
967,Amber Garrett,andrewsmith@example.com,2025-01-09,USA,Mobile,Premium,Inactive
968,Matthew Walker,meyertimothy@example.org,2025-12-17,Australia,Mobile,Pro,Inactive
969,Charles Wright,emccall@example.net,2025-01-03,UK,Mobile,Premium,Active
970,Jose Cohen,timothywillis@example.org,2024-12-20,UK,Mobile,Premium,Inactive
971,Jason Garrison,michaelwalton@example.org,2026-01-01,UK,Mobile,Pro,Inactive
972,Sean Nguyen,lindsay77@example.com,2025-09-03,India,Tablet,Premium,Inactive
973,Bryan Schultz,stephanieray@example.org,2025-01-16,India,Mobile,Pro,Inactive
974,Alexander Thomas,jacksonbrett@example.net,2025-09-07,Australia,Tablet,Pro,Active
975,Michelle Gonzalez,douglas84@example.net,2025-08-25,Canada,Desktop,Free,Inactive
976,Katrina Cain,littlenicholas@example.net,2024-11-21,Germany,Mobile,Premium,Inactive
977,Daniel Garrett,mcollier@example.com,2025-08-26,Germany,Tablet,Premium,Inactive
978,Sherri Sharp,tbooth@example.org,2025-11-02,UK,Tablet,Pro,Active
979,Laura Smith,brandonchapman@example.org,2026-01-04,Australia,Mobile,Free,Inactive
980,Jeremy White,eatonlindsey@example.com,2024-12-21,Germany,Tablet,Free,Inactive
981,Timothy Mendoza,vduncan@example.net,2024-10-27,Australia,Tablet,Pro,Active
982,Regina Willis,bradleysmith@example.com,2025-02-18,Canada,Desktop,Free,Active
983,Bill Harris,timothy32@example.com,2024-11-13,UK,Tablet,Pro,Active
984,Robin Myers,mary32@example.net,2024-08-06,Australia,Mobile,Free,Inactive
985,Jeffrey Murphy,corey76@example.org,2025-08-17,Canada,Desktop,Pro,Inactive
986,Joseph Howard,philipdougherty@example.net,2026-05-17,India,Tablet,Free,Inactive
987,Christopher Mccarthy,cindy74@example.com,2024-11-01,UK,Tablet,Free,Active
988,Katherine Nelson,alexathompson@example.com,2025-10-17,USA,Tablet,Free,Inactive
989,Lindsay Blevins,jamesbaker@example.com,2025-11-30,Germany,Mobile,Premium,Inactive
990,James Lopez,mmorales@example.com,2025-06-08,Germany,Tablet,Pro,Inactive
991,Mark Johnson,jasminehunter@example.org,2025-01-07,Australia,Tablet,Free,Active
992,Kent Adams,daviskelly@example.org,2025-10-20,Australia,Desktop,Pro,Inactive
993,Lacey Davis,brandon04@example.org,2025-12-03,Canada,Tablet,Free,Active
994,Sheena Payne,edwincortez@example.net,2024-08-05,UK,Desktop,Pro,Active
995,Linda Curtis,emilyreed@example.com,2026-05-04,Canada,Mobile,Premium,Active
996,Patricia Webb DDS,wgarcia@example.org,2025-08-21,UK,Mobile,Free,Inactive
997,Chad Lopez,johnsonamanda@example.net,2024-12-06,Canada,Desktop,Free,Inactive
998,Barbara Kennedy,milescandice@example.net,2024-07-18,Australia,Mobile,Premium,Inactive
999,Gabrielle Cole,brooksanthony@example.net,2024-10-02,Canada,Mobile,Free,Inactive
1000,Rose Davis,stewartnicholas@example.org,2024-09-02,India,Mobile,Premium,Inactive
